MSE Testing,MAE Testing,Correlation Testing,Lipschitz Bound
0.00029711940442211926,0.00909208320081234,0.9982762932777405,3.631019353866577
