MSE Testing,MAE Testing,Correlation Testing,Lipschitz Bound
0.00029843035736121237,0.009538688696920872,0.9982839822769165,3.2237095832824707
