MSE Testing,MAE Testing,Correlation Testing,Lipschitz Bound
0.0003467394271865487,0.010929157957434654,0.9981321096420288,3.211392402648926
