MSE Testing,MAE Testing,Correlation Testing,Lipschitz Bound
0.0002792314044199884,0.009908527135848999,0.9985208511352539,4.077986240386963
