MSE Testing,MAE Testing,Correlation Testing,Lipschitz Bound
0.0002709996479097754,0.009280788712203503,0.9984242916107178,4.446949481964111
