MSE Testing,MAE Testing,Correlation Testing,Lipschitz Bound
0.001634260406717658,0.019339948892593384,0.9914427399635315,43.10383987426758
