MSE Testing,MAE Testing,Correlation Testing,Lipschitz Bound
0.00021129536617081612,0.008324353955686092,0.9987651705741882,11.880995750427246
