MSE Testing,MAE Testing,Correlation Testing,Lipschitz Bound
0.0002817818894982338,0.010143255814909935,0.9985195398330688,4.8108391761779785
