MSE Testing,MAE Testing,Correlation Testing,Lipschitz Bound
0.00020260197925381362,0.008235891349613667,0.9988318681716919,6.060312747955322
