MSE Testing,MAE Testing,Correlation Testing,Lipschitz Bound
0.0003141888009849936,0.00960809737443924,0.9981643557548523,3.184723377227783
