MSE Testing,MAE Testing,Correlation Testing,Lipschitz Bound
0.0002422319375909865,0.008531850762665272,0.9986129403114319,17.563325881958008
