MSE Testing,MAE Testing,Correlation Testing,Lipschitz Bound
0.0002567865012679249,0.009155861102044582,0.9985130429267883,4.166865348815918
