MSE Testing,MAE Testing,Correlation Testing,Lipschitz Bound
0.00021953527175355703,0.010190987959504128,0.9989334940910339,9.485453605651855
