MSE Testing,MAE Testing,Correlation Testing,Lipschitz Bound
0.00022012351837474853,0.008582482114434242,0.9987336993217468,4.864572048187256
