MSE Testing,MAE Testing,Correlation Testing,Lipschitz Bound
0.00019104170496575534,0.00792634580284357,0.9989112615585327,8.025497436523438
