MSE Testing,MAE Testing,Correlation Testing,Lipschitz Bound
0.000186278615728952,0.00772449467331171,0.9989157319068909,8.81063461303711
