MSE Testing,MAE Testing,Correlation Testing,Lipschitz Bound
0.0002419830852886662,0.00844558235257864,0.9985957741737366,10.234328269958496
