MSE Testing,MAE Testing,Correlation Testing,Lipschitz Bound
0.00032369510154239833,0.010029991157352924,0.9981992244720459,2.8304641246795654
