MSE Testing,MAE Testing,Correlation Testing,Lipschitz Bound
0.00021215603919699788,0.008375264704227448,0.9988043308258057,13.864334106445312
