MSE Testing,MAE Testing,Correlation Testing,Lipschitz Bound
0.00034598069032654166,0.01097989920526743,0.9981576204299927,3.0645759105682373
