MSE Testing,MAE Testing,Correlation Testing,Lipschitz Bound
0.00031980258063413203,0.010109683498740196,0.998171865940094,2.927497386932373
