MSE Testing,MAE Testing,Correlation Testing,Lipschitz Bound
0.00033416078076697886,0.010321082547307014,0.9980787634849548,3.2451770305633545
