MSE Testing,MAE Testing,Correlation Testing,Lipschitz Bound
0.00031712406780570745,0.010010634548962116,0.9981920123100281,2.9741861820220947
