MSE Testing,MAE Testing,Correlation Testing,Lipschitz Bound
0.0002562020090408623,0.009628159925341606,0.9985707402229309,6.108687400817871
