MSE Testing,MAE Testing,Correlation Testing,Lipschitz Bound
0.00023327869712375104,0.008696440607309341,0.9986726641654968,4.772477626800537
