MSE Testing,MAE Testing,Correlation Testing,Lipschitz Bound
0.0002485384466126561,0.008858970366418362,0.9985613822937012,5.109869480133057
