MSE Testing,MAE Testing,Correlation Testing,Lipschitz Bound
0.00025409256340935826,0.00889102928340435,0.9985584616661072,3.555246114730835
