MSE Testing,MAE Testing,Correlation Testing,Lipschitz Bound
0.0003153726283926517,0.010396387428045273,0.998197078704834,3.5970442295074463
