MSE Testing,MAE Testing,Correlation Testing,Lipschitz Bound
0.00022726994939148426,0.008693001233041286,0.9986825585365295,6.3315863609313965
