MSE Testing,MAE Testing,Correlation Testing,Lipschitz Bound
0.00021113941329531372,0.008052032440900803,0.9987775683403015,5.78846549987793
