MSE Testing,MAE Testing,Correlation Testing,Lipschitz Bound
0.00021397760428953916,0.007836862467229366,0.9987686276435852,11.071662902832031
