MSE Testing,MAE Testing,Correlation Testing,Lipschitz Bound
0.0002509203623048961,0.009156717918813229,0.9985730051994324,6.812860012054443
