MSE Testing,MAE Testing,Correlation Testing,Lipschitz Bound
0.00033646918018348515,0.010669891722500324,0.9980909824371338,3.4204208850860596
