MSE Testing,MAE Testing,Correlation Testing,Lipschitz Bound
0.00024272495647892356,0.008715693838894367,0.9986137747764587,4.0479230880737305
