MSE Testing,MAE Testing,Correlation Testing,Lipschitz Bound
0.00020039945957250893,0.008151290938258171,0.998842716217041,7.064730644226074
