MSE Testing,MAE Testing,Correlation Testing,Lipschitz Bound
0.0002558453707024455,0.008743890561163425,0.9985178112983704,4.322131156921387
