MSE Testing,MAE Testing,Correlation Testing,Lipschitz Bound
0.0003116716106887907,0.0101569639518857,0.9982110261917114,3.5193450450897217
