MSE Testing,MAE Testing,Correlation Testing,Lipschitz Bound
0.0003249811998102814,0.00969208125025034,0.9981349110603333,2.848625421524048
