MSE Testing,MAE Testing,Correlation Testing,Lipschitz Bound
0.00023176331887952983,0.008636959828436375,0.9986652731895447,5.820502758026123
