MSE Testing,MAE Testing,Correlation Testing,Lipschitz Bound
0.00031419130391441286,0.009810401126742363,0.9981928467750549,3.0142290592193604
