MSE Testing,MAE Testing,Correlation Testing,Lipschitz Bound
0.00030597051954828203,0.009914265014231205,0.9982548356056213,3.113218069076538
