MSE Testing,MAE Testing,Correlation Testing,Lipschitz Bound
0.0002672504633665085,0.008945580571889877,0.9984657764434814,3.854315996170044
