MSE Testing,MAE Testing,Correlation Testing,Lipschitz Bound
0.00025055924197658896,0.008815156295895576,0.9985548853874207,4.463382720947266
