MSE Testing,MAE Testing,Correlation Testing,Lipschitz Bound
0.00020815758034586906,0.007866009138524532,0.9988047480583191,7.478801727294922
