MSE Testing,MAE Testing,Correlation Testing,Lipschitz Bound
0.0002765415993053466,0.00937500037252903,0.9983949065208435,3.4791054725646973
