MSE Testing,MAE Testing,Correlation Testing,Lipschitz Bound
0.00020856487390119582,0.007377366069704294,0.9988306164741516,38.346561431884766
