MSE Testing,MAE Testing,Correlation Testing,Lipschitz Bound
0.00031566436518915,0.009899253025650978,0.9981917142868042,3.205411195755005
