MSE Testing,MAE Testing,Correlation Testing,Lipschitz Bound
0.0003114930586889386,0.009816747158765793,0.9982049465179443,3.0536696910858154
