MSE Testing,MAE Testing,Correlation Testing,Lipschitz Bound
0.0001681063004070893,0.006915845908224583,0.9990420937538147,21.683914184570312
