MSE Testing,MAE Testing,Correlation Testing,Lipschitz Bound
0.00013703369768336415,0.0075128641910851,0.9992607831954956,11.367298126220703
