MSE Testing,MAE Testing,Correlation Testing,Lipschitz Bound
0.00037173187592998147,0.014058041386306286,0.9986092448234558,5.624387741088867
