MSE Testing,MAE Testing,Correlation Testing,Lipschitz Bound
0.0003085527569055557,0.01024580281227827,0.9982165098190308,2.838498830795288
