MSE Testing,MAE Testing,Correlation Testing,Lipschitz Bound
0.00031950767152011395,0.008482641540467739,0.9982413649559021,38.69178771972656
