MSE Testing,MAE Testing,Correlation Testing,Lipschitz Bound
0.0002301359490957111,0.008504644967615604,0.9986797571182251,4.403597831726074
