MSE Testing,MAE Testing,Correlation Testing,Lipschitz Bound
0.0003213899617549032,0.009976644068956375,0.9981793761253357,2.8494009971618652
