MSE Testing,MAE Testing,Correlation Testing,Lipschitz Bound
0.00033127068309113383,0.010262999683618546,0.9980878233909607,3.267989158630371
