MSE Testing,MAE Testing,Correlation Testing,Lipschitz Bound
0.00025499233743175864,0.009053420275449753,0.9985074400901794,6.456951141357422
