MSE Testing,MAE Testing,Correlation Testing,Lipschitz Bound
0.0001334703847533092,0.00661118421703577,0.9992186427116394,14.08696460723877
