MSE Testing,MAE Testing,Correlation Testing,Lipschitz Bound
0.00021655626187566668,0.008486307226121426,0.9987466335296631,5.7538981437683105
