MSE Testing,MAE Testing,Correlation Testing,Lipschitz Bound
0.0002784068346954882,0.009197941049933434,0.9984075427055359,3.9351842403411865
