MSE Testing,MAE Testing,Correlation Testing,Lipschitz Bound
0.00024315646442119032,0.007104043383151293,0.9987040162086487,38.329917907714844
