MSE Testing,MAE Testing,Correlation Testing,Lipschitz Bound
0.0007606902508996427,0.010909768752753735,0.9957893490791321,39.800537109375
