MSE Testing,MAE Testing,Correlation Testing,Lipschitz Bound
0.0001186245572171174,0.006501700729131699,0.9993274807929993,12.936028480529785
