MSE Testing,MAE Testing,Correlation Testing,Lipschitz Bound
0.0003132126003038138,0.010031349025666714,0.9982194900512695,2.9801430702209473
