MSE Testing,MAE Testing,Correlation Testing,Lipschitz Bound
0.000190489343367517,0.007836246863007545,0.9989194869995117,7.549144268035889
