MSE Testing,MAE Testing,Correlation Testing,Lipschitz Bound
0.000336645171046257,0.010137522593140602,0.9980762004852295,3.1081814765930176
