MSE Testing,MAE Testing,Correlation Testing,Lipschitz Bound
0.00028075219597667456,0.00965818576514721,0.9984016418457031,3.280520439147949
