MSE Testing,MAE Testing,Correlation Testing,Lipschitz Bound
0.00027928780764341354,0.009322375059127808,0.998396098613739,4.9780426025390625
