MSE Testing,MAE Testing,Correlation Testing,Lipschitz Bound
0.0002164442412322387,0.009790879674255848,0.9988238215446472,8.103887557983398
