MSE Testing,MAE Testing,Correlation Testing,Lipschitz Bound
0.0002368426794419065,0.009062699042260647,0.9986384510993958,5.039524078369141
