MSE Testing,MAE Testing,Correlation Testing,Lipschitz Bound
0.0003285877173766494,0.010145947337150574,0.9981194734573364,3.0886478424072266
