MSE Testing,MAE Testing,Correlation Testing,Lipschitz Bound
0.00026050599990412593,0.009548637084662914,0.998488187789917,4.732757568359375
