MSE Testing,MAE Testing,Correlation Testing,Lipschitz Bound
0.0002924988220911473,0.00941938254982233,0.9983119368553162,3.0844154357910156
