MSE Testing,MAE Testing,Correlation Testing,Lipschitz Bound
0.00018347393779549748,0.007620909716933966,0.9989587664604187,8.473738670349121
