MSE Testing,MAE Testing,Correlation Testing,Lipschitz Bound
0.0002652336552273482,0.009381919167935848,0.9984902739524841,4.901330947875977
