MSE Testing,MAE Testing,Correlation Testing,Lipschitz Bound
0.00018263282254338264,0.007982873357832432,0.9989542365074158,9.49267864227295
