MSE Testing,MAE Testing,Correlation Testing,Lipschitz Bound
0.0003024053294211626,0.009683452546596527,0.9982672333717346,3.1942710876464844
