MSE Testing,MAE Testing,Correlation Testing,Lipschitz Bound
0.00025874312268570065,0.009002494625747204,0.9985288977622986,3.485104560852051
