MSE Testing,MAE Testing,Correlation Testing,Lipschitz Bound
0.0002501792332623154,0.009271690621972084,0.9985607266426086,3.6391680240631104
