MSE Testing,MAE Testing,Correlation Testing,Lipschitz Bound
0.0001985355920623988,0.00819174200296402,0.998857855796814,8.3895263671875
