MSE Testing,MAE Testing,Correlation Testing,Lipschitz Bound
0.0002105134481098503,0.007973500527441502,0.9987914562225342,12.378965377807617
