MSE Testing,MAE Testing,Correlation Testing,Lipschitz Bound
0.00030713086016476154,0.009749035350978374,0.9982412457466125,2.9728152751922607
