MSE Testing,MAE Testing,Correlation Testing,Lipschitz Bound
0.0002353650634177029,0.010081656277179718,0.9988040924072266,11.193718910217285
