MSE Testing,MAE Testing,Correlation Testing,Lipschitz Bound
0.00033518741838634014,0.01029669027775526,0.9980699419975281,2.9858837127685547
