MSE Testing,MAE Testing,Correlation Testing,Lipschitz Bound
0.0002358743513468653,0.008823216892778873,0.9986624121665955,6.400635719299316
