MSE Testing,MAE Testing,Correlation Testing,Lipschitz Bound
0.0002581878216005862,0.00889520812779665,0.9984941482543945,6.223874092102051
