MSE Testing,MAE Testing,Correlation Testing,Lipschitz Bound
0.00030015138327144086,0.01201460137963295,0.9983786344528198,4.75828742980957
