MSE Testing,MAE Testing,Correlation Testing,Lipschitz Bound
0.0003211769217159599,0.01202799566090107,0.9986661672592163,3.774016857147217
