MSE Testing,MAE Testing,Correlation Testing,Lipschitz Bound
0.00023321020125877112,0.008384558372199535,0.9986714124679565,5.420907020568848
