MSE Testing,MAE Testing,Correlation Testing,Lipschitz Bound
0.00027316162595525384,0.012062984518706799,0.9986957907676697,13.988107681274414
