MSE Testing,MAE Testing,Correlation Testing,Lipschitz Bound
0.000313278054818511,0.009513312950730324,0.9982182383537292,2.8422741889953613
