MSE Testing,MAE Testing,Correlation Testing,Lipschitz Bound
0.0002961141290143132,0.009552969597280025,0.9982962012290955,3.3665106296539307
