MSE Testing,MAE Testing,Correlation Testing,Lipschitz Bound
0.0002883017004933208,0.009468674659729004,0.9983587265014648,3.1333043575286865
