MSE Testing,MAE Testing,Correlation Testing,Lipschitz Bound
0.00033593529951758683,0.01038269978016615,0.9980824589729309,3.2016313076019287
