MSE Testing,MAE Testing,Correlation Testing,Lipschitz Bound
0.0002436740032862872,0.008453162387013435,0.9985882639884949,4.690961837768555
