MSE Testing,MAE Testing,Correlation Testing,Lipschitz Bound
0.00030222113127820194,0.009768635034561157,0.9982910752296448,3.8925678730010986
