MSE Testing,MAE Testing,Correlation Testing,Lipschitz Bound
0.0002232092956546694,0.00814758613705635,0.9987050294876099,5.07938289642334
