MSE Testing,MAE Testing,Correlation Testing,Lipschitz Bound
0.00030029210029169917,0.010820790193974972,0.9984637498855591,4.61654806137085
