MSE Testing,MAE Testing,Correlation Testing,Lipschitz Bound
0.0002683583879843354,0.00914161466062069,0.9984840750694275,3.3599631786346436
