MSE Testing,MAE Testing,Correlation Testing,Lipschitz Bound
0.0011975937522947788,0.019263628870248795,0.9938505291938782,33.1177864074707
