MSE Testing,MAE Testing,Correlation Testing,Lipschitz Bound
0.0002638563746586442,0.00910549983382225,0.9984769821166992,5.418451309204102
