MSE Testing,MAE Testing,Correlation Testing,Lipschitz Bound
0.0002756435424089432,0.00971309281885624,0.9983973503112793,3.4702091217041016
