MSE Testing,MAE Testing,Correlation Testing,Lipschitz Bound
0.00031235491042025387,0.009698226116597652,0.9982205033302307,3.0010464191436768
