MSE Testing,MAE Testing,Correlation Testing,Lipschitz Bound
0.00019296977552585304,0.008078208193182945,0.9988974928855896,15.851832389831543
