MSE Testing,MAE Testing,Correlation Testing,Lipschitz Bound
0.0002698575262911618,0.010400147177278996,0.9985846877098083,8.763967514038086
