MSE Testing,MAE Testing,Correlation Testing,Lipschitz Bound
0.0003068504447583109,0.009826377034187317,0.9982537031173706,3.7119626998901367
