MSE Testing,MAE Testing,Correlation Testing,Lipschitz Bound
0.00016821733152028173,0.007385266479104757,0.9990431666374207,14.551458358764648
