MSE Testing,MAE Testing,Correlation Testing,Lipschitz Bound
0.00029894927865825593,0.00965332891792059,0.9982746243476868,3.360137701034546
