MSE Testing,MAE Testing,Correlation Testing,Lipschitz Bound
0.00020273997506592423,0.00803783256560564,0.9988232254981995,6.827346324920654
