MSE Testing,MAE Testing,Correlation Testing,Lipschitz Bound
0.0002922608400695026,0.00942805502563715,0.998353898525238,4.575591564178467
