MSE Testing,MAE Testing,Correlation Testing,Lipschitz Bound
0.00029968091985210776,0.009906444698572159,0.9982738494873047,4.127373695373535
