MSE Testing,MAE Testing,Correlation Testing,Lipschitz Bound
0.0002805081312544644,0.00929860770702362,0.9983980655670166,3.4769539833068848
