MSE Testing,MAE Testing,Correlation Testing,Lipschitz Bound
0.0001547458377899602,0.00723200524225831,0.9991334676742554,20.940670013427734
