MSE Testing,MAE Testing,Correlation Testing,Lipschitz Bound
0.00028160979854874313,0.009624307043850422,0.9983667135238647,3.8584578037261963
