MSE Testing,MAE Testing,Correlation Testing,Lipschitz Bound
0.00031982146902009845,0.010402355343103409,0.9981608986854553,3.9951651096343994
