MSE Testing,MAE Testing,Correlation Testing,Lipschitz Bound
0.00026833327137865126,0.009159529581665993,0.9984505772590637,4.440458297729492
