MSE Testing,MAE Testing,Correlation Testing,Lipschitz Bound
0.00031272636260837317,0.009947359561920166,0.9982098937034607,3.554324150085449
