MSE Testing,MAE Testing,Correlation Testing,Lipschitz Bound
0.00033128747600130737,0.01047518290579319,0.998116672039032,3.4245948791503906
