MSE Testing,MAE Testing,Correlation Testing,Lipschitz Bound
0.00023263513867277652,0.008746788837015629,0.9986617565155029,5.909070014953613
