MSE Testing,MAE Testing,Correlation Testing,Lipschitz Bound
0.00033495447132736444,0.008398634381592274,0.9981688857078552,25.49897575378418
