MSE Testing,MAE Testing,Correlation Testing,Lipschitz Bound
0.00027478713309392333,0.009273923002183437,0.9984338283538818,3.3139777183532715
