MSE Testing,MAE Testing,Correlation Testing,Lipschitz Bound
0.000289223826257512,0.009855855256319046,0.9983776211738586,4.224107265472412
