MSE Testing,MAE Testing,Correlation Testing,Lipschitz Bound
0.0002643563784658909,0.006339432206004858,0.998486340045929,40.50318145751953
