MSE Testing,MAE Testing,Correlation Testing,Lipschitz Bound
0.00028354465030133724,0.00949753075838089,0.998392641544342,3.8707070350646973
