MSE Testing,MAE Testing,Correlation Testing,Lipschitz Bound
0.00019662543490994722,0.00729893846437335,0.9988850951194763,15.446735382080078
