MSE Testing,MAE Testing,Correlation Testing,Lipschitz Bound
0.00019542463996913284,0.008099379017949104,0.9989022612571716,9.694907188415527
