MSE Testing,MAE Testing,Correlation Testing,Lipschitz Bound
0.0002644031192176044,0.00934323575347662,0.998508870601654,4.5050787925720215
