MSE Testing,MAE Testing,Correlation Testing,Lipschitz Bound
0.00030751945450901985,0.009556825272738934,0.9982098937034607,3.3743696212768555
