MSE Testing,MAE Testing,Correlation Testing,Lipschitz Bound
0.00027048715855926275,0.009214750491082668,0.9984254837036133,4.707494735717773
