MSE Testing,MAE Testing,Correlation Testing,Lipschitz Bound
0.0002283631038153544,0.009004384279251099,0.9986991882324219,13.563116073608398
