MSE Testing,MAE Testing,Correlation Testing,Lipschitz Bound
0.0017630909569561481,0.02122543565928936,0.9909429550170898,35.300559997558594
