MSE Testing,MAE Testing,Correlation Testing,Lipschitz Bound
0.00023567842436023057,0.007994112558662891,0.9986779093742371,19.712936401367188
