MSE Testing,MAE Testing,Correlation Testing,Lipschitz Bound
0.0002863289846573025,0.009462708607316017,0.9983830451965332,2.9590578079223633
