MSE Testing,MAE Testing,Correlation Testing,Lipschitz Bound
0.00027278068591840565,0.009089515544474125,0.9984983801841736,3.8414714336395264
