MSE Testing,MAE Testing,Correlation Testing,Lipschitz Bound
0.00019342624000273645,0.008181794546544552,0.9988956451416016,13.12234115600586
