MSE Testing,MAE Testing,Correlation Testing,Lipschitz Bound
0.00020968116587027907,0.008632117882370949,0.998820424079895,6.371710777282715
