MSE Testing,MAE Testing,Correlation Testing,Lipschitz Bound
0.00031642772955819964,0.00976626668125391,0.9982075691223145,2.84847354888916
