MSE Testing,MAE Testing,Correlation Testing,Lipschitz Bound
0.00024587445659562945,0.007114209700375795,0.9986136555671692,22.86663246154785
