MSE Testing,MAE Testing,Correlation Testing,Lipschitz Bound
0.00020376290194690228,0.00819665938615799,0.9988591074943542,16.50562286376953
