MSE Testing,MAE Testing,Correlation Testing,Lipschitz Bound
0.00017857298371382058,0.007518372964113951,0.9990262985229492,24.7750244140625
