MSE Testing,MAE Testing,Correlation Testing,Lipschitz Bound
0.0002854265330825001,0.009366023354232311,0.9983386993408203,3.148498296737671
