MSE Testing,MAE Testing,Correlation Testing,Lipschitz Bound
0.00021532962273340672,0.008442024700343609,0.9987549781799316,7.422392845153809
