MSE Testing,MAE Testing,Correlation Testing,Lipschitz Bound
0.00025290329358540475,0.008792676962912083,0.9985201358795166,3.7178139686584473
