MSE Testing,MAE Testing,Correlation Testing,Lipschitz Bound
0.00027705487445928156,0.010009494610130787,0.9984238743782043,3.8008739948272705
