MSE Testing,MAE Testing,Correlation Testing,Lipschitz Bound
0.0002891443145927042,0.009556062519550323,0.9983416795730591,3.2441599369049072
