MSE Testing,MAE Testing,Correlation Testing,Lipschitz Bound
0.0003241009544581175,0.011153336614370346,0.9981423616409302,2.698127269744873
