MSE Testing,MAE Testing,Correlation Testing,Lipschitz Bound
0.0002854004851542413,0.00944200437515974,0.9983575940132141,3.5686099529266357
