MSE Testing,MAE Testing,Correlation Testing,Lipschitz Bound
0.00015051754598971456,0.007287883665412664,0.9991426467895508,6.9911274909973145
