MSE Testing,MAE Testing,Correlation Testing,Lipschitz Bound
0.00028836214914917946,0.009485543705523014,0.9983421564102173,3.976994276046753
