MSE Testing,MAE Testing,Correlation Testing,Lipschitz Bound
0.0002470250765327364,0.009067150764167309,0.9985544085502625,7.030941486358643
