MSE Testing,MAE Testing,Correlation Testing,Lipschitz Bound
0.00019743417215067893,0.008162914775311947,0.9988387227058411,14.463550567626953
