MSE Testing,MAE Testing,Correlation Testing,Lipschitz Bound
0.000251736375503242,0.008975432254374027,0.9986088275909424,17.441652297973633
