MSE Testing,MAE Testing,Correlation Testing,Lipschitz Bound
0.00020166543254163116,0.007991982623934746,0.9988900423049927,34.10664749145508
