MSE Testing,MAE Testing,Correlation Testing,Lipschitz Bound
0.0002127430634573102,0.00813258532434702,0.9987698793411255,4.73137092590332
