MSE Testing,MAE Testing,Correlation Testing,Lipschitz Bound
0.00016000507457647473,0.007155924569815397,0.9990907311439514,9.140966415405273
