MSE Testing,MAE Testing,Correlation Testing,Lipschitz Bound
0.0002017182850977406,0.008001570589840412,0.9988458156585693,4.747792720794678
