MSE Testing,MAE Testing,Correlation Testing,Lipschitz Bound
0.0002897513913922012,0.009391309693455696,0.9983499646186829,3.410935640335083
