MSE Testing,MAE Testing,Correlation Testing,Lipschitz Bound
0.0003405883035156876,0.010479093529284,0.9980507493019104,3.154463768005371
