MSE Testing,MAE Testing,Correlation Testing,Lipschitz Bound
0.0002022869884967804,0.008517468348145485,0.9988256692886353,6.063319206237793
