MSE Testing,MAE Testing,Correlation Testing,Lipschitz Bound
0.00017331218987237662,0.0077028959058225155,0.9990119934082031,5.512747287750244
