MSE Testing,MAE Testing,Correlation Testing,Lipschitz Bound
0.00028648306033574045,0.00809540692716837,0.9984095692634583,38.5742073059082
