MSE Testing,MAE Testing,Correlation Testing,Lipschitz Bound
0.0003070736420340836,0.009359147399663925,0.9982335567474365,3.578345775604248
