MSE Testing,MAE Testing,Correlation Testing,Lipschitz Bound
0.00029623752925544977,0.01042616181075573,0.9983031153678894,4.465201377868652
