MSE Testing,MAE Testing,Correlation Testing,Lipschitz Bound
0.00023639228311367333,0.00918175745755434,0.9986283779144287,4.893604278564453
