MSE Testing,MAE Testing,Correlation Testing,Lipschitz Bound
0.00028632624889723957,0.00930812768638134,0.998350977897644,3.4743247032165527
