MSE Testing,MAE Testing,Correlation Testing,Lipschitz Bound
0.00017331594426650554,0.006868800614029169,0.9990193247795105,24.376745223999023
