MSE Testing,MAE Testing,Correlation Testing,Lipschitz Bound
0.00029433469171635807,0.00952504575252533,0.9982869625091553,2.9339752197265625
