MSE Testing,MAE Testing,Correlation Testing,Lipschitz Bound
0.000293956371024251,0.009515210054814816,0.9983133673667908,3.405324697494507
