MSE Testing,MAE Testing,Correlation Testing,Lipschitz Bound
0.0002770651481114328,0.00925014354288578,0.9984004497528076,4.43599796295166
