MSE Testing,MAE Testing,Correlation Testing,Lipschitz Bound
0.00025919018662534654,0.008785544894635677,0.9985267519950867,5.746836185455322
