MSE Testing,MAE Testing,Correlation Testing,Lipschitz Bound
0.0001895831956062466,0.008059363812208176,0.9989138841629028,8.795513153076172
