MSE Testing,MAE Testing,Correlation Testing,Lipschitz Bound
0.00022042368073016405,0.008603489026427269,0.9987484812736511,9.901986122131348
