MSE Testing,MAE Testing,Correlation Testing,Lipschitz Bound
0.00021533927065320313,0.008400321006774902,0.9987566471099854,5.257640838623047
