MSE Testing,MAE Testing,Correlation Testing,Lipschitz Bound
0.0002535325475037098,0.008921509608626366,0.9985529184341431,3.6079165935516357
