MSE Testing,MAE Testing,Correlation Testing,Lipschitz Bound
0.0004983163671568036,0.009172867983579636,0.9971798658370972,21.0157413482666
