MSE Testing,MAE Testing,Correlation Testing,Lipschitz Bound
0.0002747145772445947,0.00906781479716301,0.9984132051467896,3.70717453956604
