MSE Testing,MAE Testing,Correlation Testing,Lipschitz Bound
0.0003209415008313954,0.009711179882287979,0.9981288313865662,3.0397238731384277
