MSE Testing,MAE Testing,Correlation Testing,Lipschitz Bound
0.00033674357109703124,0.011143107898533344,0.9982635378837585,3.6163830757141113
