MSE Testing,MAE Testing,Correlation Testing,Lipschitz Bound
0.0002908130409196019,0.009368281811475754,0.9983339309692383,4.031928062438965
