MSE Testing,MAE Testing,Correlation Testing,Lipschitz Bound
0.00032268560607917607,0.009265050292015076,0.9982183575630188,36.80664825439453
