MSE Testing,MAE Testing,Correlation Testing,Lipschitz Bound
0.00027963679167442024,0.009190855547785759,0.9983868598937988,3.5986618995666504
