MSE Testing,MAE Testing,Correlation Testing,Lipschitz Bound
0.000293848046567291,0.009939615614712238,0.9982956051826477,3.1262903213500977
