MSE Testing,MAE Testing,Correlation Testing,Lipschitz Bound
0.0026223305612802505,0.02455640397965908,0.9866299629211426,40.818851470947266
