MSE Testing,MAE Testing,Correlation Testing,Lipschitz Bound
0.0002976000832859427,0.009571682661771774,0.9983048439025879,3.1862633228302
