MSE Testing,MAE Testing,Correlation Testing,Lipschitz Bound
0.0002789885620586574,0.009103082120418549,0.99840247631073,3.577220916748047
