MSE Testing,MAE Testing,Correlation Testing,Lipschitz Bound
0.0003034688124898821,0.009813527576625347,0.998284101486206,3.2798268795013428
