MSE Testing,MAE Testing,Correlation Testing,Lipschitz Bound
0.0002250362595077604,0.008030014112591743,0.9987548589706421,21.19314193725586
