MSE Testing,MAE Testing,Correlation Testing,Lipschitz Bound
0.0002236495929537341,0.008595714345574379,0.9986953735351562,7.4514479637146
