MSE Testing,MAE Testing,Correlation Testing,Lipschitz Bound
0.0002901486004702747,0.009451302699744701,0.9983133673667908,3.08941650390625
