MSE Testing,MAE Testing,Correlation Testing,Lipschitz Bound
0.00028307290631346405,0.00964189413934946,0.9983681440353394,3.2066683769226074
