MSE Testing,MAE Testing,Correlation Testing,Lipschitz Bound
0.0003056880086660385,0.009650250896811485,0.9982559680938721,3.2440273761749268
