MSE Testing,MAE Testing,Correlation Testing,Lipschitz Bound
0.00022274718503467739,0.00850503146648407,0.9987115263938904,6.7271246910095215
