MSE Testing,MAE Testing,Correlation Testing,Lipschitz Bound
0.00020638250862248242,0.007970791310071945,0.9988161325454712,7.106140613555908
