MSE Testing,MAE Testing,Correlation Testing,Lipschitz Bound
0.00028340620337985456,0.009569112211465836,0.9983500838279724,4.838136672973633
