MSE Testing,MAE Testing,Correlation Testing,Lipschitz Bound
0.0003079896850977093,0.010026236064732075,0.998272180557251,3.414919137954712
