MSE Testing,MAE Testing,Correlation Testing,Lipschitz Bound
0.00025710128829814494,0.009340468794107437,0.9984990954399109,4.974367618560791
