MSE Testing,MAE Testing,Correlation Testing,Lipschitz Bound
0.0002685391518753022,0.009943654760718346,0.9984549880027771,4.758805751800537
