MSE Testing,MAE Testing,Correlation Testing,Lipschitz Bound
0.0002056669763987884,0.008591286838054657,0.9988361597061157,6.404593467712402
