MSE Testing,MAE Testing,Correlation Testing,Lipschitz Bound
0.0002974502567667514,0.009558561258018017,0.998296320438385,3.1196513175964355
