MSE Testing,MAE Testing,Correlation Testing,Lipschitz Bound
0.0002703437639866024,0.00928089115768671,0.9984319806098938,3.669473648071289
