MSE Testing,MAE Testing,Correlation Testing,Lipschitz Bound
0.0003100514004472643,0.009794971905648708,0.9982255101203918,3.2626562118530273
