MSE Testing,MAE Testing,Correlation Testing,Lipschitz Bound
0.0002814267354551703,0.009336909279227257,0.9983746409416199,3.6667044162750244
