MSE Testing,MAE Testing,Correlation Testing,Lipschitz Bound
0.00033170011010952294,0.010243237018585205,0.9981264472007751,3.268178939819336
