MSE Testing,MAE Testing,Correlation Testing,Lipschitz Bound
0.00021599179308395833,0.008589565753936768,0.9987674355506897,7.663025856018066
