MSE Testing,MAE Testing,Correlation Testing,Lipschitz Bound
0.00019381668244022876,0.007955475710332394,0.998877763748169,9.943668365478516
