MSE Testing,MAE Testing,Correlation Testing,Lipschitz Bound
0.000301063439110294,0.009450766257941723,0.9982348680496216,3.627241849899292
