MSE Testing,MAE Testing,Correlation Testing,Lipschitz Bound
0.000298258411930874,0.0095802191644907,0.9982885122299194,3.255703926086426
