MSE Testing,MAE Testing,Correlation Testing,Lipschitz Bound
0.0001904194796225056,0.007989875040948391,0.9989008903503418,9.415340423583984
