MSE Testing,MAE Testing,Correlation Testing,Lipschitz Bound
0.0002600012521725148,0.007954811677336693,0.9985042214393616,16.214330673217773
