MSE Testing,MAE Testing,Correlation Testing,Lipschitz Bound
0.0003285016864538193,0.011001141741871834,0.9980921149253845,3.1910221576690674
