MSE Testing,MAE Testing,Correlation Testing,Lipschitz Bound
0.00034338253317400813,0.01350240595638752,0.9986997842788696,7.735006332397461
