MSE Testing,MAE Testing,Correlation Testing,Lipschitz Bound
0.00029745089705102146,0.009803855791687965,0.9982962012290955,3.5218019485473633
