MSE Testing,MAE Testing,Correlation Testing,Lipschitz Bound
0.0003219579521100968,0.009961074218153954,0.9981260299682617,2.5630054473876953
