MSE Testing,MAE Testing,Correlation Testing,Lipschitz Bound
0.00022672068735118955,0.008513132110238075,0.9987031817436218,5.629632949829102
