MSE Testing,MAE Testing,Correlation Testing,Lipschitz Bound
0.00027064167079515755,0.009282154031097889,0.9984638690948486,4.176419734954834
