MSE Testing,MAE Testing,Correlation Testing,Lipschitz Bound
0.0002919693069998175,0.007650964893400669,0.9983401298522949,28.70467758178711
