MSE Testing,MAE Testing,Correlation Testing,Lipschitz Bound
0.0003932957479264587,0.008315784856677055,0.9977700710296631,20.52340316772461
