MSE Testing,MAE Testing,Correlation Testing,Lipschitz Bound
0.00023850603611208498,0.008425633423030376,0.9986161589622498,4.897547721862793
