MSE Testing,MAE Testing,Correlation Testing,Lipschitz Bound
0.00030507464543916285,0.009810560382902622,0.9982571601867676,3.337852954864502
