MSE Testing,MAE Testing,Correlation Testing,Lipschitz Bound
0.000196646258700639,0.008089037612080574,0.9988616704940796,13.359125137329102
