MSE Testing,MAE Testing,Correlation Testing,Lipschitz Bound
0.0002673133567441255,0.00905979610979557,0.9984486103057861,4.988002300262451
