MSE Testing,MAE Testing,Correlation Testing,Lipschitz Bound
0.00027607058291323483,0.010073293000459671,0.9984064698219299,3.8070576190948486
