MSE Testing,MAE Testing,Correlation Testing,Lipschitz Bound
0.0001777623692760244,0.007319489028304815,0.9990097284317017,20.28521728515625
