MSE Testing,MAE Testing,Correlation Testing,Lipschitz Bound
0.0001820877951104194,0.007601441349834204,0.9989505410194397,5.595090389251709
