MSE Testing,MAE Testing,Correlation Testing,Lipschitz Bound
0.00010982607636833563,0.005785566288977861,0.9993581175804138,18.240121841430664
