MSE Testing,MAE Testing,Correlation Testing,Lipschitz Bound
0.00029769740649499,0.00954869668930769,0.9982861876487732,3.3606555461883545
