MSE Testing,MAE Testing,Correlation Testing,Lipschitz Bound
0.00015670183347538114,0.006878245621919632,0.9991246461868286,15.408713340759277
