MSE Testing,MAE Testing,Correlation Testing,Lipschitz Bound
0.00016881944611668587,0.006979565601795912,0.9990517497062683,17.275775909423828
