MSE Testing,MAE Testing,Correlation Testing,Lipschitz Bound
0.00017120796837843955,0.0070663271471858025,0.9990001916885376,12.005027770996094
