MSE Testing,MAE Testing,Correlation Testing,Lipschitz Bound
0.0002482413547113538,0.009076983667910099,0.9985679388046265,4.633896350860596
