MSE Testing,MAE Testing,Correlation Testing,Lipschitz Bound
0.00024189827672671527,0.009260633029043674,0.9986123442649841,6.437271595001221
