MSE Testing,MAE Testing,Correlation Testing,Lipschitz Bound
0.0002807363634929061,0.00866956077516079,0.9983941912651062,11.360662460327148
