MSE Testing,MAE Testing,Correlation Testing,Lipschitz Bound
0.00024471402866765857,0.008593594655394554,0.9986076354980469,4.733797073364258
