MSE Testing,MAE Testing,Correlation Testing,Lipschitz Bound
0.00023831616272218525,0.0085764080286026,0.9986170530319214,5.064207553863525
