MSE Testing,MAE Testing,Correlation Testing,Lipschitz Bound
0.00029355939477682114,0.009050372056663036,0.9982933402061462,3.755202293395996
