MSE Testing,MAE Testing,Correlation Testing,Lipschitz Bound
0.0002469009777996689,0.0088043212890625,0.998553991317749,3.913194179534912
