MSE Testing,MAE Testing,Correlation Testing,Lipschitz Bound
0.0001545083214296028,0.007233073934912682,0.9991217851638794,18.629531860351562
