MSE Testing,MAE Testing,Correlation Testing,Lipschitz Bound
0.0002967773762065917,0.00958847627043724,0.9983435869216919,3.070665121078491
