MSE Testing,MAE Testing,Correlation Testing,Lipschitz Bound
0.0002695746661629528,0.00899304449558258,0.998435378074646,4.487482070922852
