MSE Testing,MAE Testing,Correlation Testing,Lipschitz Bound
0.0002486380108166486,0.009064008481800556,0.9985653758049011,4.349526882171631
