MSE Testing,MAE Testing,Correlation Testing,Lipschitz Bound
0.00022987429110798985,0.008499907329678535,0.9986816048622131,4.032256126403809
