MSE Testing,MAE Testing,Correlation Testing,Lipschitz Bound
0.00013899439363740385,0.0060384138487279415,0.9992390871047974,20.654338836669922
