MSE Testing,MAE Testing,Correlation Testing,Lipschitz Bound
0.0002931912604253739,0.009584050625562668,0.9983465075492859,2.8750834465026855
