MSE Testing,MAE Testing,Correlation Testing,Lipschitz Bound
0.00024404996656812727,0.00885283574461937,0.9986125230789185,4.2069220542907715
