MSE Testing,MAE Testing,Correlation Testing,Lipschitz Bound
0.00022734294179826975,0.00789899006485939,0.9986840486526489,23.242887496948242
