MSE Testing,MAE Testing,Correlation Testing,Lipschitz Bound
0.000319253042107448,0.010635467246174812,0.9981744289398193,3.5387589931488037
