MSE Testing,MAE Testing,Correlation Testing,Lipschitz Bound
0.00026614125818014145,0.008706949651241302,0.998535692691803,22.35642433166504
