MSE Testing,MAE Testing,Correlation Testing,Lipschitz Bound
0.00030836008954793215,0.010098916478455067,0.9983918070793152,3.431662082672119
