MSE Testing,MAE Testing,Correlation Testing,Lipschitz Bound
0.00028361569275148213,0.008900444023311138,0.9983502626419067,4.06320858001709
