MSE Testing,MAE Testing,Correlation Testing,Lipschitz Bound
0.00027830139151774347,0.009831049479544163,0.9983896613121033,4.32820463180542
