MSE Testing,MAE Testing,Correlation Testing,Lipschitz Bound
0.00033002562122419477,0.010370315052568913,0.998164713382721,3.7090373039245605
