MSE Testing,MAE Testing,Correlation Testing,Lipschitz Bound
0.0003278077638242394,0.009837761521339417,0.9980969429016113,2.9141123294830322
