MSE Testing,MAE Testing,Correlation Testing,Lipschitz Bound
0.00024395370564889163,0.007660679053515196,0.9986591935157776,28.730018615722656
