MSE Testing,MAE Testing,Correlation Testing,Lipschitz Bound
0.00033499053097330034,0.014341517351567745,0.998547375202179,8.552791595458984
