MSE Testing,MAE Testing,Correlation Testing,Lipschitz Bound
0.00030508541385643184,0.00951304193586111,0.998259961605072,3.224107265472412
