MSE Testing,MAE Testing,Correlation Testing,Lipschitz Bound
0.00015847633767407387,0.007253886666148901,0.9991036653518677,12.177974700927734
