MSE Testing,MAE Testing,Correlation Testing,Lipschitz Bound
0.00027597942971624434,0.009257059544324875,0.9984036087989807,3.6666579246520996
