MSE Testing,MAE Testing,Correlation Testing,Lipschitz Bound
0.0002943826839327812,0.009417548775672913,0.9982768297195435,3.9839065074920654
