MSE Testing,MAE Testing,Correlation Testing,Lipschitz Bound
0.00030260326457209885,0.009282860904932022,0.9982553124427795,3.6423232555389404
