MSE Testing,MAE Testing,Correlation Testing,Lipschitz Bound
0.00023422556114383042,0.008930398151278496,0.9986676573753357,5.126650810241699
