MSE Testing,MAE Testing,Correlation Testing,Lipschitz Bound
0.00025476503651589155,0.008981027640402317,0.9985219836235046,9.620177268981934
