MSE Testing,MAE Testing,Correlation Testing,Lipschitz Bound
0.0002822709793690592,0.009163621813058853,0.9984938502311707,21.040861129760742
