MSE Testing,MAE Testing,Correlation Testing,Lipschitz Bound
0.0003039675939362496,0.009843051433563232,0.9982752799987793,3.304894208908081
