MSE Testing,MAE Testing,Correlation Testing,Lipschitz Bound
0.0002213588304584846,0.007550032809376717,0.9987384080886841,14.094499588012695
