MSE Testing,MAE Testing,Correlation Testing,Lipschitz Bound
0.0016837585717439651,0.02035370282828808,0.9909824132919312,39.75848388671875
