MSE Testing,MAE Testing,Correlation Testing,Lipschitz Bound
0.0002922849962487817,0.009524292312562466,0.9983002543449402,3.0094923973083496
