MSE Testing,MAE Testing,Correlation Testing,Lipschitz Bound
0.0012479816796258092,0.018158821389079094,0.9936493039131165,39.6434440612793
