MSE Testing,MAE Testing,Correlation Testing,Lipschitz Bound
0.00031358166597783566,0.009768619202077389,0.9982114434242249,3.224005937576294
