MSE Testing,MAE Testing,Correlation Testing,Lipschitz Bound
0.00031632836908102036,0.009862610138952732,0.9981884360313416,3.589257001876831
