MSE Testing,MAE Testing,Correlation Testing,Lipschitz Bound
0.0002544416347518563,0.008960876613855362,0.9985380172729492,3.917665481567383
