MSE Testing,MAE Testing,Correlation Testing,Lipschitz Bound
0.00022385759803000838,0.008589542470872402,0.9987081289291382,4.9832892417907715
