MSE Testing,MAE Testing,Correlation Testing,Lipschitz Bound
0.0002896461228374392,0.009516877122223377,0.9983277916908264,3.396742105484009
