MSE Testing,MAE Testing,Correlation Testing,Lipschitz Bound
0.0003277272917330265,0.010417822748422623,0.9981343746185303,3.4842309951782227
