MSE Testing,MAE Testing,Correlation Testing,Lipschitz Bound
0.0003134740109089762,0.011060038581490517,0.9982017874717712,2.9805045127868652
