MSE Testing,MAE Testing,Correlation Testing,Lipschitz Bound
0.00030444416915997863,0.010458463802933693,0.9982409477233887,2.891908645629883
