MSE Testing,MAE Testing,Correlation Testing,Lipschitz Bound
0.0002124511229339987,0.009207699447870255,0.9988011121749878,7.51313591003418
