MSE Testing,MAE Testing,Correlation Testing,Lipschitz Bound
0.0003022295131813735,0.008634012192487717,0.9983686804771423,18.973114013671875
