MSE Testing,MAE Testing,Correlation Testing,Lipschitz Bound
0.000267767725745216,0.009298708289861679,0.9984729886054993,3.7039132118225098
