MSE Testing,MAE Testing,Correlation Testing,Lipschitz Bound
0.00021590961841866374,0.00789395347237587,0.9987569451332092,10.70164966583252
