MSE Testing,MAE Testing,Correlation Testing,Lipschitz Bound
0.0002346752444282174,0.008632104843854904,0.998637855052948,6.1152567863464355
