MSE Testing,MAE Testing,Correlation Testing,Lipschitz Bound
0.0002861175744328648,0.009593524038791656,0.9983472228050232,3.4522881507873535
