MSE Testing,MAE Testing,Correlation Testing,Lipschitz Bound
0.0002451349573675543,0.008806099183857441,0.9985867738723755,4.1810407638549805
