MSE Testing,MAE Testing,Correlation Testing,Lipschitz Bound
0.0003037762362509966,0.009502594359219074,0.9983029961585999,3.7164177894592285
