MSE Testing,MAE Testing,Correlation Testing,Lipschitz Bound
0.00026520673418417573,0.00942048616707325,0.998471736907959,5.021416664123535
