MSE Testing,MAE Testing,Correlation Testing,Lipschitz Bound
0.00033032175269909203,0.00997826550155878,0.9981257319450378,3.26981258392334
