MSE Testing,MAE Testing,Correlation Testing,Lipschitz Bound
0.00026344749494455755,0.009148255921900272,0.9985011219978333,4.347200393676758
