MSE Testing,MAE Testing,Correlation Testing,Lipschitz Bound
0.0023273760452866554,0.023652883246541023,0.9880050420761108,37.92338180541992
