MSE Testing,MAE Testing,Correlation Testing,Lipschitz Bound
0.00021986314095556736,0.008541610091924667,0.9987656474113464,7.343283653259277
