MSE Testing,MAE Testing,Correlation Testing,Lipschitz Bound
0.0002159913128707558,0.00791872851550579,0.9987595081329346,6.055046081542969
