MSE Testing,MAE Testing,Correlation Testing,Lipschitz Bound
0.00025723400176502764,0.00890136044472456,0.9985097050666809,5.3827362060546875
