MSE Testing,MAE Testing,Correlation Testing,Lipschitz Bound
0.0003035501285921782,0.009192751720547676,0.9982442259788513,3.4304845333099365
