MSE Testing,MAE Testing,Correlation Testing,Lipschitz Bound
0.000324383465340361,0.010062954388558865,0.9981409311294556,3.372591733932495
