MSE Testing,MAE Testing,Correlation Testing,Lipschitz Bound
0.0003351656487211585,0.01098795235157013,0.9981041550636292,3.145494222640991
