MSE Testing,MAE Testing,Correlation Testing,Lipschitz Bound
0.0002613355463836342,0.008758830837905407,0.9985178709030151,4.065209865570068
