MSE Testing,MAE Testing,Correlation Testing,Lipschitz Bound
0.00033440502011217177,0.009987193159759045,0.9980641603469849,2.819683790206909
