MSE Testing,MAE Testing,Correlation Testing,Lipschitz Bound
0.0002809285942930728,0.009138476103544235,0.9984128475189209,3.6939127445220947
