MSE Testing,MAE Testing,Correlation Testing,Lipschitz Bound
0.00029476985218934715,0.009544646367430687,0.9983140230178833,3.247493267059326
