MSE Testing,MAE Testing,Correlation Testing,Lipschitz Bound
0.00025326001923531294,0.009557690471410751,0.9985334277153015,5.684178352355957
