MSE Testing,MAE Testing,Correlation Testing,Lipschitz Bound
0.0002980779972858727,0.01350690983235836,0.9985866546630859,4.3291544914245605
