MSE Testing,MAE Testing,Correlation Testing,Lipschitz Bound
0.0002466970181558281,0.009027360007166862,0.998568058013916,6.031655311584473
