MSE Testing,MAE Testing,Correlation Testing,Lipschitz Bound
0.0003407314361538738,0.01445137057453394,0.9985553026199341,13.803637504577637
