MSE Testing,MAE Testing,Correlation Testing,Lipschitz Bound
0.0002794811734929681,0.009343390353024006,0.9984080195426941,3.249521017074585
