MSE Testing,MAE Testing,Correlation Testing,Lipschitz Bound
0.000392548565287143,0.006955980788916349,0.9978485703468323,39.68646240234375
