MSE Testing,MAE Testing,Correlation Testing,Lipschitz Bound
0.00031101307831704617,0.009626111947000027,0.9982552528381348,3.04007887840271
