MSE Testing,MAE Testing,Correlation Testing,Lipschitz Bound
0.00022368633653968573,0.008448563516139984,0.9987019300460815,6.702056884765625
