MSE Testing,MAE Testing,Correlation Testing,Lipschitz Bound
0.0002171343076042831,0.008062412030994892,0.998755931854248,10.290836334228516
