MSE Testing,MAE Testing,Correlation Testing,Lipschitz Bound
0.00034060998586937785,0.010153359733521938,0.9980350732803345,2.740339756011963
