MSE Testing,MAE Testing,Correlation Testing,Lipschitz Bound
0.0003025223268195987,0.009688641875982285,0.9982507824897766,2.9292984008789062
