MSE Testing,MAE Testing,Correlation Testing,Lipschitz Bound
0.00020647153723984957,0.007277179043740034,0.9988892078399658,39.76709747314453
