MSE Testing,MAE Testing,Correlation Testing,Lipschitz Bound
0.00020586285972967744,0.0081854946911335,0.9988100528717041,7.774911880493164
