MSE Testing,MAE Testing,Correlation Testing,Lipschitz Bound
0.0002345194952795282,0.008603104390203953,0.9986442923545837,11.171208381652832
