MSE Testing,MAE Testing,Correlation Testing,Lipschitz Bound
0.0002915987279266119,0.011459453962743282,0.9984041452407837,4.2415056228637695
