MSE Testing,MAE Testing,Correlation Testing,Lipschitz Bound
0.00022704426373820752,0.008679375983774662,0.9986737966537476,6.686341285705566
