MSE Testing,MAE Testing,Correlation Testing,Lipschitz Bound
0.0001973555190488696,0.0077688368037343025,0.9988529086112976,6.019217491149902
