MSE Testing,MAE Testing,Correlation Testing,Lipschitz Bound
0.00028508645482361317,0.009368596598505974,0.9983667135238647,3.6572721004486084
