MSE Testing,MAE Testing,Correlation Testing,Lipschitz Bound
0.0002526893513277173,0.009329773485660553,0.99856036901474,4.935305595397949
