MSE Testing,MAE Testing,Correlation Testing,Lipschitz Bound
0.00025151734007522464,0.009307358413934708,0.998545229434967,6.7125067710876465
