MSE Testing,MAE Testing,Correlation Testing,Lipschitz Bound
0.0016386149218305945,0.01851024478673935,0.9912354350090027,43.36768341064453
