MSE Testing,MAE Testing,Correlation Testing,Lipschitz Bound
0.00033307517878711224,0.008323746733367443,0.9981018900871277,36.71407699584961
