MSE Testing,MAE Testing,Correlation Testing,Lipschitz Bound
0.0002960528654512018,0.009674731642007828,0.9982888102531433,3.2664544582366943
