MSE Testing,MAE Testing,Correlation Testing,Lipschitz Bound
0.00029235859983600676,0.009217091836035252,0.998370349407196,3.3266029357910156
