MSE Testing,MAE Testing,Correlation Testing,Lipschitz Bound
0.00028205991839058697,0.009416180662810802,0.9983532428741455,4.498420238494873
