MSE Testing,MAE Testing,Correlation Testing,Lipschitz Bound
0.0003160469059366733,0.009768138639628887,0.9981681704521179,2.6226963996887207
