MSE Testing,MAE Testing,Correlation Testing,Lipschitz Bound
0.0002515828819014132,0.009339932352304459,0.9985463619232178,6.789450168609619
