MSE Testing,MAE Testing,Correlation Testing,Lipschitz Bound
0.00031068536918610334,0.009987758472561836,0.9982264637947083,3.385894298553467
