MSE Testing,MAE Testing,Correlation Testing,Lipschitz Bound
0.0002797739580273628,0.00932065024971962,0.9983780384063721,4.756953716278076
