MSE Testing,MAE Testing,Correlation Testing,Lipschitz Bound
0.0002755187451839447,0.009977729059755802,0.9985640645027161,4.064713954925537
