MSE Testing,MAE Testing,Correlation Testing,Lipschitz Bound
0.00027121944003738463,0.009345806203782558,0.9984322190284729,4.6333746910095215
