MSE Testing,MAE Testing,Correlation Testing,Lipschitz Bound
0.0003528165107127279,0.011756003834307194,0.9979835152626038,2.9915599822998047
