MSE Testing,MAE Testing,Correlation Testing,Lipschitz Bound
0.0002063735737465322,0.008296569809317589,0.998806893825531,8.323320388793945
