MSE Testing,MAE Testing,Correlation Testing,Lipschitz Bound
0.00034502564813010395,0.010519721545279026,0.9980309009552002,3.040876865386963
