MSE Testing,MAE Testing,Correlation Testing,Lipschitz Bound
0.0002899611135944724,0.00976173672825098,0.9983342289924622,3.673041582107544
