MSE Testing,MAE Testing,Correlation Testing,Lipschitz Bound
0.0002863724948838353,0.010342447087168694,0.9983532428741455,3.204439401626587
