MSE Testing,MAE Testing,Correlation Testing,Lipschitz Bound
0.0014316897140815854,0.018849071115255356,0.9923405051231384,41.60641098022461
