MSE Testing,MAE Testing,Correlation Testing,Lipschitz Bound
0.0003349042381159961,0.010532576590776443,0.9980990290641785,3.3725483417510986
