MSE Testing,MAE Testing,Correlation Testing,Lipschitz Bound
0.00019775443070102483,0.008392381481826305,0.9989029765129089,7.003780841827393
