MSE Testing,MAE Testing,Correlation Testing,Lipschitz Bound
0.00025738240219652653,0.008735637180507183,0.9985190033912659,4.003655910491943
