MSE Testing,MAE Testing,Correlation Testing,Lipschitz Bound
0.0002191125095123425,0.009380658157169819,0.9987711310386658,5.588817596435547
