MSE Testing,MAE Testing,Correlation Testing,Lipschitz Bound
0.00022083868680056185,0.008696692995727062,0.9987331032752991,6.267984867095947
