MSE Testing,MAE Testing,Correlation Testing,Lipschitz Bound
0.0021202079951763153,0.022267494350671768,0.9884560108184814,35.37366485595703
