MSE Testing,MAE Testing,Correlation Testing,Lipschitz Bound
0.0003006949264090508,0.009644757024943829,0.9983882308006287,3.541980266571045
