MSE Testing,MAE Testing,Correlation Testing,Lipschitz Bound
0.00031212824978865683,0.009890486486256123,0.998200535774231,3.4872500896453857
