MSE Testing,MAE Testing,Correlation Testing,Lipschitz Bound
0.00025286138406954706,0.008669520728290081,0.9985423684120178,4.093761444091797
