MSE Testing,MAE Testing,Correlation Testing,Lipschitz Bound
0.00028092903085052967,0.00963002908974886,0.9984221458435059,4.052318572998047
