MSE Testing,MAE Testing,Correlation Testing,Lipschitz Bound
0.00022082206851337105,0.008521733805537224,0.9987545609474182,11.487637519836426
