MSE Testing,MAE Testing,Correlation Testing,Lipschitz Bound
0.00017912233306560665,0.007616175804287195,0.9989533424377441,6.992334365844727
