MSE Testing,MAE Testing,Correlation Testing,Lipschitz Bound
0.00029742627521045506,0.009877469390630722,0.9982558488845825,2.9009735584259033
