MSE Testing,MAE Testing,Correlation Testing,Lipschitz Bound
0.00027547613717615604,0.00922485627233982,0.9983853101730347,3.2994861602783203
