MSE Testing,MAE Testing,Correlation Testing,Lipschitz Bound
0.0003217479679733515,0.010009514167904854,0.9981467127799988,3.3018717765808105
