MSE Testing,MAE Testing,Correlation Testing,Lipschitz Bound
0.00027193795540370047,0.00934615544974804,0.9984254837036133,4.755914688110352
