MSE Testing,MAE Testing,Correlation Testing,Lipschitz Bound
0.0002503914583940059,0.009095555171370506,0.9985476732254028,5.302967548370361
