MSE Testing,MAE Testing,Correlation Testing,Lipschitz Bound
0.00026726009673438966,0.011825550347566605,0.9990405440330505,6.442821025848389
