MSE Testing,MAE Testing,Correlation Testing,Lipschitz Bound
0.00030473689548671246,0.009418915957212448,0.9982748627662659,2.936528444290161
