MSE Testing,MAE Testing,Correlation Testing,Lipschitz Bound
0.0002755548630375415,0.009266193956136703,0.9984400868415833,3.77095890045166
