MSE Testing,MAE Testing,Correlation Testing,Lipschitz Bound
0.0002966689062304795,0.009553395211696625,0.9983155727386475,3.294764757156372
