MSE Testing,MAE Testing,Correlation Testing,Lipschitz Bound
0.0003322226111777127,0.012375375255942345,0.9981849193572998,3.220529794692993
