MSE Testing,MAE Testing,Correlation Testing,Lipschitz Bound
0.0002792334707919508,0.009193888865411282,0.9984014630317688,4.27430534362793
