MSE Testing,MAE Testing,Correlation Testing,Lipschitz Bound
0.000309810129692778,0.009982014074921608,0.9982491731643677,3.1308023929595947
