MSE Testing,MAE Testing,Correlation Testing,Lipschitz Bound
0.00031935510924085975,0.010199904441833496,0.9982090592384338,3.19276762008667
