MSE Testing,MAE Testing,Correlation Testing,Lipschitz Bound
0.0002444116398692131,0.009566040709614754,0.9986292123794556,8.853766441345215
