MSE Testing,MAE Testing,Correlation Testing,Lipschitz Bound
0.0001909182028612122,0.00763093214482069,0.9988967180252075,6.4682135581970215
