MSE Testing,MAE Testing,Correlation Testing,Lipschitz Bound
0.00030380021780729294,0.012984626926481724,0.9985080361366272,6.382117748260498
