MSE Testing,MAE Testing,Correlation Testing,Lipschitz Bound
0.00023629922361578792,0.0087815560400486,0.9986326098442078,4.0671491622924805
