MSE Testing,MAE Testing,Correlation Testing,Lipschitz Bound
0.0004712034424301237,0.015141913667321205,0.9982819557189941,2.9733598232269287
