MSE Testing,MAE Testing,Correlation Testing,Lipschitz Bound
0.00025346706388518214,0.009121250361204147,0.9985371232032776,4.176598072052002
