MSE Testing,MAE Testing,Correlation Testing,Lipschitz Bound
0.0001608908351045102,0.0058073014952242374,0.9991313219070435,43.87549591064453
