MSE Testing,MAE Testing,Correlation Testing,Lipschitz Bound
0.00030740906368009746,0.009490185417234898,0.9982626438140869,3.176476001739502
