MSE Testing,MAE Testing,Correlation Testing,Lipschitz Bound
0.00019537899061106145,0.00818945188075304,0.9988669753074646,5.716115474700928
