MSE Testing,MAE Testing,Correlation Testing,Lipschitz Bound
0.0001784565974958241,0.007708289194852114,0.9989907145500183,10.022798538208008
