MSE Testing,MAE Testing,Correlation Testing,Lipschitz Bound
0.00031508374377153814,0.009749669581651688,0.9982053637504578,2.975050210952759
