MSE Testing,MAE Testing,Correlation Testing,Lipschitz Bound
0.000316817284328863,0.009978708811104298,0.9981693029403687,3.389871835708618
