MSE Testing,MAE Testing,Correlation Testing,Lipschitz Bound
0.0002228551747975871,0.008357618004083633,0.9987301230430603,12.211767196655273
