MSE Testing,MAE Testing,Correlation Testing,Lipschitz Bound
0.0003295285569038242,0.010855705477297306,0.9981203675270081,3.4234061241149902
