MSE Testing,MAE Testing,Correlation Testing,Lipschitz Bound
0.0004704382154159248,0.010547596029937267,0.9974774718284607,36.59103012084961
