MSE Testing,MAE Testing,Correlation Testing,Lipschitz Bound
0.00021386492880992591,0.007995190098881721,0.9987624883651733,5.242259502410889
