MSE Testing,MAE Testing,Correlation Testing,Lipschitz Bound
0.0003231614246033132,0.01014393288642168,0.9981526732444763,3.3922924995422363
