MSE Testing,MAE Testing,Correlation Testing,Lipschitz Bound
0.0022808529902249575,0.020437462255358696,0.9879446625709534,39.810455322265625
