MSE Testing,MAE Testing,Correlation Testing,Lipschitz Bound
0.0002779969363473356,0.009367003105580807,0.9983946681022644,3.785987615585327
