MSE Testing,MAE Testing,Correlation Testing,Lipschitz Bound
0.00020994103397242725,0.008435881696641445,0.9988040924072266,6.017673969268799
