MSE Testing,MAE Testing,Correlation Testing,Lipschitz Bound
0.00012743257684633136,0.006044267676770687,0.9992911219596863,23.957286834716797
