MSE Testing,MAE Testing,Correlation Testing,Lipschitz Bound
0.00031648328877054155,0.010080813430249691,0.9981922507286072,3.228274345397949
