MSE Testing,MAE Testing,Correlation Testing,Lipschitz Bound
0.0003019070136360824,0.009690625593066216,0.9982588291168213,2.9252521991729736
