MSE Testing,MAE Testing,Correlation Testing,Lipschitz Bound
0.00021484716853592545,0.008214092813432217,0.9987697005271912,4.318694114685059
