MSE Testing,MAE Testing,Correlation Testing,Lipschitz Bound
0.0003177618782501668,0.009627899155020714,0.9981783628463745,3.455739736557007
