MSE Testing,MAE Testing,Correlation Testing,Lipschitz Bound
0.000295824691420421,0.010014418512582779,0.998310387134552,3.0443453788757324
