MSE Testing,MAE Testing,Correlation Testing,Lipschitz Bound
0.0003376602253410965,0.010668512433767319,0.9980874061584473,3.3565492630004883
