MSE Testing,MAE Testing,Correlation Testing,Lipschitz Bound
0.0003344783035572618,0.010428168810904026,0.9981264472007751,3.052783250808716
