MSE Testing,MAE Testing,Correlation Testing,Lipschitz Bound
0.00029456158517859876,0.009439390152692795,0.998328685760498,3.344693899154663
