MSE Testing,MAE Testing,Correlation Testing,Lipschitz Bound
0.00027727996348403394,0.009067042730748653,0.9984323978424072,3.734170913696289
