MSE Testing,MAE Testing,Correlation Testing,Lipschitz Bound
0.00024834019131958485,0.008433097042143345,0.9986441731452942,25.27507781982422
