MSE Testing,MAE Testing,Correlation Testing,Lipschitz Bound
0.0003037326969206333,0.00979406014084816,0.9982480406761169,3.197232246398926
