MSE Testing,MAE Testing,Correlation Testing,Lipschitz Bound
0.00033088948111981153,0.010022218339145184,0.9981123805046082,3.3004491329193115
