MSE Testing,MAE Testing,Correlation Testing,Lipschitz Bound
0.0003069316444452852,0.009868556633591652,0.9982237815856934,3.596815586090088
