MSE Testing,MAE Testing,Correlation Testing,Lipschitz Bound
0.00028106418903917074,0.009369240142405033,0.9984050393104553,3.1600708961486816
