MSE Testing,MAE Testing,Correlation Testing,Lipschitz Bound
0.00029209553031250834,0.009505769237875938,0.9983154535293579,3.344827890396118
