MSE Testing,MAE Testing,Correlation Testing,Lipschitz Bound
0.0002953449438791722,0.009605687111616135,0.9982953071594238,3.0464000701904297
