MSE Testing,MAE Testing,Correlation Testing,Lipschitz Bound
0.0010218650568276644,0.016057154163718224,0.99449223279953,36.815059661865234
