MSE Testing,MAE Testing,Correlation Testing,Lipschitz Bound
0.00027554717962630093,0.00932739395648241,0.9983986020088196,4.484426498413086
