MSE Testing,MAE Testing,Correlation Testing,Lipschitz Bound
0.0002807370328810066,0.00931047834455967,0.9983770251274109,3.5774178504943848
