MSE Testing,MAE Testing,Correlation Testing,Lipschitz Bound
0.0002427706349408254,0.008086921647191048,0.9986387491226196,24.828279495239258
