MSE Testing,MAE Testing,Correlation Testing,Lipschitz Bound
0.0002856667269952595,0.009739876724779606,0.998439610004425,3.6751487255096436
