MSE Testing,MAE Testing,Correlation Testing,Lipschitz Bound
0.0002908109163399786,0.009165112860500813,0.998323380947113,3.6480836868286133
