MSE Testing,MAE Testing,Correlation Testing,Lipschitz Bound
0.0001753994292812422,0.0074927788227796555,0.9989946484565735,11.984898567199707
