MSE Testing,MAE Testing,Correlation Testing,Lipschitz Bound
0.00033436011290177703,0.01017800997942686,0.9980895519256592,3.0173850059509277
