MSE Testing,MAE Testing,Correlation Testing,Lipschitz Bound
0.00022628357692155987,0.00868399441242218,0.9987521171569824,15.381571769714355
