MSE Testing,MAE Testing,Correlation Testing,Lipschitz Bound
0.0003257868520449847,0.00991689134389162,0.9981284141540527,2.9789576530456543
