MSE Testing,MAE Testing,Correlation Testing,Lipschitz Bound
0.00035051023587584496,0.01050244364887476,0.997972309589386,2.8069870471954346
