MSE Testing,MAE Testing,Correlation Testing,Lipschitz Bound
0.00027000228874385357,0.009269685484468937,0.9984227418899536,5.172157287597656
