MSE Testing,MAE Testing,Correlation Testing,Lipschitz Bound
0.0002415094495518133,0.008790580555796623,0.998602569103241,6.992404937744141
