MSE Testing,MAE Testing,Correlation Testing,Lipschitz Bound
0.00027384140412323177,0.010983222164213657,0.9985124468803406,5.859149932861328
