MSE Testing,MAE Testing,Correlation Testing,Lipschitz Bound
0.0003371498314663768,0.010127370245754719,0.9980754852294922,2.9440770149230957
