MSE Testing,MAE Testing,Correlation Testing,Lipschitz Bound
0.00022291183995548636,0.006607040297240019,0.998751163482666,42.757896423339844
