MSE Testing,MAE Testing,Correlation Testing,Lipschitz Bound
0.0003924383199773729,0.015236945822834969,0.9987772703170776,9.046770095825195
