MSE Testing,MAE Testing,Correlation Testing,Lipschitz Bound
0.00015888139023445547,0.005930249113589525,0.9991079568862915,37.2394905090332
