MSE Testing,MAE Testing,Correlation Testing,Lipschitz Bound
0.00029103815904818475,0.009714139625430107,0.9983068108558655,3.5624194145202637
