MSE Testing,MAE Testing,Correlation Testing,Lipschitz Bound
0.0003230456786695868,0.010246735997498035,0.9981741309165955,3.202260971069336
