MSE Testing,MAE Testing,Correlation Testing,Lipschitz Bound
0.00020508113084360957,0.008206742815673351,0.9988176822662354,6.219449996948242
