MSE Testing,MAE Testing,Correlation Testing,Lipschitz Bound
0.00020763497741427273,0.00840264093130827,0.9988003969192505,5.38079309463501
