MSE Testing,MAE Testing,Correlation Testing,Lipschitz Bound
0.00021229418052826077,0.007950153201818466,0.9987812042236328,6.818810939788818
