MSE Testing,MAE Testing,Correlation Testing,Lipschitz Bound
0.00022564682876691222,0.01006182562559843,0.9988676309585571,11.45389461517334
