MSE Testing,MAE Testing,Correlation Testing,Lipschitz Bound
0.00028541198116727173,0.009751913137733936,0.9983745217323303,3.204045534133911
