MSE Testing,MAE Testing,Correlation Testing,Lipschitz Bound
0.00028592970920726657,0.010046160779893398,0.9983276724815369,3.943798303604126
