MSE Testing,MAE Testing,Correlation Testing,Lipschitz Bound
0.00017355488671455532,0.007152290549129248,0.9990147948265076,11.371899604797363
