MSE Testing,MAE Testing,Correlation Testing,Lipschitz Bound
0.00025579333305358887,0.00898658111691475,0.9985425472259521,4.548337936401367
