MSE Testing,MAE Testing,Correlation Testing,Lipschitz Bound
0.0002939569822046906,0.009526400826871395,0.998288094997406,3.0394535064697266
