MSE Testing,MAE Testing,Correlation Testing,Lipschitz Bound
0.0003121786576230079,0.009852228686213493,0.9982582926750183,4.053016185760498
