MSE Testing,MAE Testing,Correlation Testing,Lipschitz Bound
8.790502033662051e-05,0.004541718866676092,0.9994913339614868,39.090030670166016
