MSE Testing,MAE Testing,Correlation Testing,Lipschitz Bound
0.0003311699547339231,0.010777781717479229,0.9981221556663513,3.3478522300720215
