MSE Testing,MAE Testing,Correlation Testing,Lipschitz Bound
0.00026733067352324724,0.009569099172949791,0.9984710216522217,9.313614845275879
