MSE Testing,MAE Testing,Correlation Testing,Lipschitz Bound
0.00027694040909409523,0.009260131046175957,0.9983997344970703,3.8154196739196777
