MSE Testing,MAE Testing,Correlation Testing,Lipschitz Bound
0.0002479597751516849,0.008795910514891148,0.9985876679420471,4.785749435424805
