MSE Testing,MAE Testing,Correlation Testing,Lipschitz Bound
0.00024914537789300084,0.009477359242737293,0.9985591173171997,6.3606390953063965
