MSE Testing,MAE Testing,Correlation Testing,Lipschitz Bound
0.0002133187954314053,0.007368889171630144,0.9987767934799194,14.302181243896484
