MSE Testing,MAE Testing,Correlation Testing,Lipschitz Bound
0.0002619145961944014,0.009072970598936081,0.9984860420227051,4.627645492553711
