MSE Testing,MAE Testing,Correlation Testing,Lipschitz Bound
0.000298035069135949,0.009767986834049225,0.9982896447181702,3.9814398288726807
