MSE Testing,MAE Testing,Correlation Testing,Lipschitz Bound
0.000406368839321658,0.015691321343183517,0.9979974031448364,3.4053752422332764
