MSE Testing,MAE Testing,Correlation Testing,Lipschitz Bound
0.00027892476646229625,0.008980156853795052,0.9984270334243774,3.5723016262054443
