MSE Testing,MAE Testing,Correlation Testing,Lipschitz Bound
0.00022057071328163147,0.008491397835314274,0.9987177848815918,8.48940658569336
