MSE Testing,MAE Testing,Correlation Testing,Lipschitz Bound
0.0001835572038544342,0.007193342316895723,0.9989452958106995,7.070377349853516
