MSE Testing,MAE Testing,Correlation Testing,Lipschitz Bound
0.0002483222051523626,0.009398776106536388,0.9985814094543457,6.581770420074463
