MSE Testing,MAE Testing,Correlation Testing,Lipschitz Bound
0.00025117179029621184,0.008853515610098839,0.9985421299934387,5.271323204040527
