MSE Testing,MAE Testing,Correlation Testing,Lipschitz Bound
0.00031290168408304453,0.010932521894574165,0.9982234835624695,3.440026044845581
