MSE Testing,MAE Testing,Correlation Testing,Lipschitz Bound
0.0002700281038414687,0.009160212241113186,0.9984272718429565,5.033324241638184
