MSE Testing,MAE Testing,Correlation Testing,Lipschitz Bound
0.00021845866285730153,0.00810438022017479,0.9987571239471436,16.22748374938965
