MSE Testing,MAE Testing,Correlation Testing,Lipschitz Bound
0.0003461010637693107,0.010611752048134804,0.9981061220169067,3.2082390785217285
