MSE Testing,MAE Testing,Correlation Testing,Lipschitz Bound
0.00028611550806090236,0.009648322127759457,0.9983319640159607,3.7875075340270996
