MSE Testing,MAE Testing,Correlation Testing,Lipschitz Bound
0.00030597334261983633,0.009239966049790382,0.9982340335845947,3.346625566482544
