MSE Testing,MAE Testing,Correlation Testing,Lipschitz Bound
0.00018108038057107478,0.0072415596805512905,0.9989758133888245,18.562576293945312
