MSE Testing,MAE Testing,Correlation Testing,Lipschitz Bound
0.0003180985804647207,0.00992780551314354,0.9981930255889893,2.8841419219970703
