MSE Testing,MAE Testing,Correlation Testing,Lipschitz Bound
0.0003217744524590671,0.009774331003427505,0.9981635808944702,2.8521640300750732
