MSE Testing,MAE Testing,Correlation Testing,Lipschitz Bound
0.000286683818558231,0.009635504335165024,0.9983377456665039,4.659416675567627
