MSE Testing,MAE Testing,Correlation Testing,Lipschitz Bound
0.00028646911960095167,0.00938453059643507,0.9983516335487366,3.306739568710327
