MSE Testing,MAE Testing,Correlation Testing,Lipschitz Bound
0.00029878804343752563,0.011087966151535511,0.9986442923545837,5.212981224060059
