MSE Testing,MAE Testing,Correlation Testing,Lipschitz Bound
0.00027102354215458035,0.009170430712401867,0.9984084367752075,3.386375904083252
