MSE Testing,MAE Testing,Correlation Testing,Lipschitz Bound
0.00024356647918466479,0.008763257414102554,0.998586118221283,5.6501078605651855
