MSE Testing,MAE Testing,Correlation Testing,Lipschitz Bound
0.0002942009596154094,0.013199681416153908,0.9985935091972351,4.939877510070801
