MSE Testing,MAE Testing,Correlation Testing,Lipschitz Bound
0.00022230594186112285,0.008495915681123734,0.9987268447875977,12.780267715454102
