MSE Testing,MAE Testing,Correlation Testing,Lipschitz Bound
0.0002280094922753051,0.008280815556645393,0.9986979365348816,7.5784406661987305
