MSE Testing,MAE Testing,Correlation Testing,Lipschitz Bound
0.00020612042862921953,0.007809183094650507,0.998814046382904,8.33122444152832
