MSE Testing,MAE Testing,Correlation Testing,Lipschitz Bound
0.00021650252165272832,0.00822422280907631,0.9987499713897705,4.508331298828125
