MSE Testing,MAE Testing,Correlation Testing,Lipschitz Bound
0.0004948585992679,0.008821208961308002,0.9972622990608215,38.51215744018555
