MSE Testing,MAE Testing,Correlation Testing,Lipschitz Bound
0.00023565955052617937,0.008666632696986198,0.9986360669136047,5.759934425354004
