MSE Testing,MAE Testing,Correlation Testing,Lipschitz Bound
0.00022368472127709538,0.008354558609426022,0.9987321496009827,5.4242753982543945
