MSE Testing,MAE Testing,Correlation Testing,Lipschitz Bound
0.0013914984883740544,0.021129563450813293,0.99325031042099,30.58696174621582
