MSE Testing,MAE Testing,Correlation Testing,Lipschitz Bound
0.0002460462274029851,0.00885513424873352,0.998592734336853,3.714817523956299
