MSE Testing,MAE Testing,Correlation Testing,Lipschitz Bound
0.00017521079280413687,0.007432966027408838,0.9989959597587585,17.850318908691406
