MSE Testing,MAE Testing,Correlation Testing,Lipschitz Bound
0.00030689191771671176,0.01035657525062561,0.9982290267944336,3.196695327758789
