MSE Testing,MAE Testing,Correlation Testing,Lipschitz Bound
0.0002777031040750444,0.009231961332261562,0.9983999133110046,3.457406997680664
