MSE Testing,MAE Testing,Correlation Testing,Lipschitz Bound
0.0002913320786319673,0.009557087905704975,0.9983575940132141,3.4013476371765137
