MSE Testing,MAE Testing,Correlation Testing,Lipschitz Bound
0.00030878346296958625,0.009435055777430534,0.998223066329956,3.118924617767334
