MSE Testing,MAE Testing,Correlation Testing,Lipschitz Bound
0.00024149184173438698,0.008769136853516102,0.9985872507095337,4.6520161628723145
