MSE Testing,MAE Testing,Correlation Testing,Lipschitz Bound
0.00035220201243646443,0.008544296026229858,0.998062014579773,31.455549240112305
