MSE Testing,MAE Testing,Correlation Testing,Lipschitz Bound
0.0002347655245102942,0.00922982208430767,0.9988093376159668,4.334367275238037
