MSE Testing,MAE Testing,Correlation Testing,Lipschitz Bound
0.0002814444887917489,0.009774129837751389,0.9983740448951721,3.642258405685425
