MSE Testing,MAE Testing,Correlation Testing,Lipschitz Bound
0.00028036805451847613,0.009759047068655491,0.9983974695205688,3.6729681491851807
