MSE Testing,MAE Testing,Correlation Testing,Lipschitz Bound
0.00027091364609077573,0.009520485065877438,0.9984392523765564,3.4641196727752686
