MSE Testing,MAE Testing,Correlation Testing,Lipschitz Bound
0.00031109925475902855,0.009707571007311344,0.9982314109802246,3.046035051345825
