MSE Testing,MAE Testing,Correlation Testing,Lipschitz Bound
0.0016354011604562402,0.018533512949943542,0.9917883276939392,43.7193717956543
