MSE Testing,MAE Testing,Correlation Testing,Lipschitz Bound
0.0031318129040300846,0.02599962428212166,0.9836463928222656,42.09626388549805
