MSE Testing,MAE Testing,Correlation Testing,Lipschitz Bound
0.0002326702669961378,0.008714161813259125,0.9986549615859985,7.843689441680908
