MSE Testing,MAE Testing,Correlation Testing,Lipschitz Bound
0.00032043937244452536,0.010234242305159569,0.9981929659843445,2.968751907348633
