MSE Testing,MAE Testing,Correlation Testing,Lipschitz Bound
0.00037382671143859625,0.011963861994445324,0.9981620907783508,3.5804028511047363
