MSE Testing,MAE Testing,Correlation Testing,Lipschitz Bound
0.0001992284378502518,0.008216340094804764,0.9988471865653992,10.141401290893555
