MSE Testing,MAE Testing,Correlation Testing,Lipschitz Bound
0.0001965779811143875,0.007980979047715664,0.9988840818405151,6.883881092071533
