MSE Testing,MAE Testing,Correlation Testing,Lipschitz Bound
0.0002058456593658775,0.00771650206297636,0.9988192319869995,19.930421829223633
