MSE Testing,MAE Testing,Correlation Testing,Lipschitz Bound
0.0002723649959079921,0.009201799519360065,0.9984238743782043,3.5478484630584717
