MSE Testing,MAE Testing,Correlation Testing,Lipschitz Bound
0.0002370935253566131,0.008382530882954597,0.9986503720283508,4.555490970611572
