MSE Testing,MAE Testing,Correlation Testing,Lipschitz Bound
0.00023845036048442125,0.008798222057521343,0.998615026473999,7.718120574951172
