MSE Testing,MAE Testing,Correlation Testing,Lipschitz Bound
0.00018825965526048094,0.007727612741291523,0.9989393353462219,25.04375457763672
