MSE Testing,MAE Testing,Correlation Testing,Lipschitz Bound
0.0002572447410784662,0.008732698857784271,0.9985429644584656,4.2381510734558105
