MSE Testing,MAE Testing,Correlation Testing,Lipschitz Bound
0.0009380043484270573,0.016170024871826172,0.9949281811714172,41.98689651489258
