MSE Testing,MAE Testing,Correlation Testing,Lipschitz Bound
0.0001559466909384355,0.006507355719804764,0.9991530179977417,39.372920989990234
