MSE Testing,MAE Testing,Correlation Testing,Lipschitz Bound
0.00026563674327917397,0.009991704486310482,0.9985494613647461,8.985949516296387
