MSE Testing,MAE Testing,Correlation Testing,Lipschitz Bound
0.0003122972266282886,0.009884071536362171,0.9981972575187683,2.634845495223999
