MSE Testing,MAE Testing,Correlation Testing,Lipschitz Bound
0.00017614875105209649,0.007663658354431391,0.9989935159683228,11.247020721435547
