MSE Testing,MAE Testing,Correlation Testing,Lipschitz Bound
0.00027895663515664637,0.014310972765088081,0.9990110993385315,10.655427932739258
