MSE Testing,MAE Testing,Correlation Testing,Lipschitz Bound
0.00023593948571942747,0.009507992304861546,0.9986502528190613,4.713413238525391
