MSE Testing,MAE Testing,Correlation Testing,Lipschitz Bound
0.00028361601289361715,0.01287554856389761,0.9986140131950378,4.931746482849121
