MSE Testing,MAE Testing,Correlation Testing,Lipschitz Bound
0.00030046296888031065,0.009876588359475136,0.9983308911323547,3.5958251953125
