MSE Testing,MAE Testing,Correlation Testing,Lipschitz Bound
0.0003407303593121469,0.010849063284695148,0.9980716705322266,3.135453701019287
