MSE Testing,MAE Testing,Correlation Testing,Lipschitz Bound
0.00026332339621149004,0.009232951328158379,0.9984813332557678,4.342428207397461
