MSE Testing,MAE Testing,Correlation Testing,Lipschitz Bound
0.0002448430168442428,0.009380483068525791,0.998603105545044,7.189652442932129
