MSE Testing,MAE Testing,Correlation Testing,Lipschitz Bound
0.0003118278691545129,0.009794971905648708,0.9982087016105652,2.7721219062805176
