MSE Testing,MAE Testing,Correlation Testing,Lipschitz Bound
0.00028345195460133255,0.010084428824484348,0.9984839558601379,3.900534152984619
