MSE Testing,MAE Testing,Correlation Testing,Lipschitz Bound
0.002825277391821146,0.02469482086598873,0.9850117564201355,42.37682342529297
