MSE Testing,MAE Testing,Correlation Testing,Lipschitz Bound
0.00030044675804674625,0.009144026786088943,0.9982589483261108,3.5239150524139404
