MSE Testing,MAE Testing,Correlation Testing,Lipschitz Bound
0.00027490139473229647,0.009025528095662594,0.9984050393104553,4.3025803565979
