MSE Testing,MAE Testing,Correlation Testing,Lipschitz Bound
0.00017810701683629304,0.007538985926657915,0.9989729523658752,12.142240524291992
