MSE Testing,MAE Testing,Correlation Testing,Lipschitz Bound
0.00011935753718717024,0.006071452517062426,0.9993314146995544,14.697097778320312
