MSE Testing,MAE Testing,Correlation Testing,Lipschitz Bound
0.0002412609610473737,0.00912258867174387,0.9986101984977722,8.750476837158203
