MSE Testing,MAE Testing,Correlation Testing,Lipschitz Bound
0.00017830420983955264,0.007629952859133482,0.9989718198776245,11.223034858703613
