MSE Testing,MAE Testing,Correlation Testing,Lipschitz Bound
0.00021937691781204194,0.00950000248849392,0.9988602995872498,9.766261100769043
