MSE Testing,MAE Testing,Correlation Testing,Lipschitz Bound
0.0002921594714280218,0.009554256685078144,0.9983189702033997,3.115248918533325
