MSE Testing,MAE Testing,Correlation Testing,Lipschitz Bound
0.0002816009218804538,0.009332048706710339,0.9983721971511841,4.281739234924316
