MSE Testing,MAE Testing,Correlation Testing,Lipschitz Bound
0.000212213970371522,0.008052277378737926,0.9987711310386658,8.607022285461426
