MSE Testing,MAE Testing,Correlation Testing,Lipschitz Bound
0.0003048407379537821,0.010203368961811066,0.9982659220695496,3.58909010887146
