MSE Testing,MAE Testing,Correlation Testing,Lipschitz Bound
0.00031331711215898395,0.010358481667935848,0.9982179999351501,3.6343801021575928
