MSE Testing,MAE Testing,Correlation Testing,Lipschitz Bound
0.0002496233501005918,0.008818552829325199,0.9985670447349548,3.8972344398498535
