MSE Testing,MAE Testing,Correlation Testing,Lipschitz Bound
0.0004007473180536181,0.01335755456238985,0.9983909726142883,3.4499073028564453
