MSE Testing,MAE Testing,Correlation Testing,Lipschitz Bound
0.0002507921599317342,0.008914696052670479,0.9985421299934387,6.922757148742676
