MSE Testing,MAE Testing,Correlation Testing,Lipschitz Bound
0.00025922435452230275,0.008876314386725426,0.9984835982322693,3.5557048320770264
