MSE Testing,MAE Testing,Correlation Testing,Lipschitz Bound
0.00018754828488454223,0.00821156706660986,0.9989295601844788,10.05722713470459
