MSE Testing,MAE Testing,Correlation Testing,Lipschitz Bound
0.00018542965699452907,0.0075716786086559296,0.9989266991615295,7.5434675216674805
