MSE Testing,MAE Testing,Correlation Testing,Lipschitz Bound
9.054267138708383e-05,0.004837511572986841,0.9994743466377258,24.607088088989258
