MSE Testing,MAE Testing,Correlation Testing,Lipschitz Bound
0.0003193615993950516,0.009963697753846645,0.9982011914253235,3.4985580444335938
