MSE Testing,MAE Testing,Correlation Testing,Lipschitz Bound
0.0002564193564467132,0.009478573687374592,0.9985628128051758,6.191730499267578
