MSE Testing,MAE Testing,Correlation Testing,Lipschitz Bound
0.00025789710343815386,0.009216703474521637,0.9985424876213074,4.682699680328369
