MSE Testing,MAE Testing,Correlation Testing,Lipschitz Bound
0.00020734457939397544,0.007833441719412804,0.9988059401512146,9.485161781311035
