MSE Testing,MAE Testing,Correlation Testing,Lipschitz Bound
0.00030606327345594764,0.009947709739208221,0.9982224702835083,2.872504472732544
