MSE Testing,MAE Testing,Correlation Testing,Lipschitz Bound
0.0003425461472943425,0.010259381495416164,0.9980287551879883,2.9542031288146973
