MSE Testing,MAE Testing,Correlation Testing,Lipschitz Bound
0.00026141892885789275,0.009063635021448135,0.9985158443450928,3.794278383255005
