MSE Testing,MAE Testing,Correlation Testing,Lipschitz Bound
0.0004158816591370851,0.017322750762104988,0.9983718395233154,4.36696195602417
