MSE Testing,MAE Testing,Correlation Testing,Lipschitz Bound
0.00028060993645340204,0.009508340619504452,0.9983834028244019,4.445595741271973
