MSE Testing,MAE Testing,Correlation Testing,Lipschitz Bound
0.00034174215397797525,0.011676513589918613,0.9983705282211304,3.9873733520507812
