MSE Testing,MAE Testing,Correlation Testing,Lipschitz Bound
0.00032328974339179695,0.010134661570191383,0.9981140494346619,3.3796746730804443
