MSE Testing,MAE Testing,Correlation Testing,Lipschitz Bound
0.00030402460834011436,0.009667511098086834,0.9982514977455139,3.3034911155700684
