MSE Testing,MAE Testing,Correlation Testing,Lipschitz Bound
0.0016267795581370592,0.019075999036431313,0.9914034605026245,40.540523529052734
