MSE Testing,MAE Testing,Correlation Testing,Lipschitz Bound
0.0002590967633295804,0.008915840648114681,0.9985318779945374,4.631498336791992
