MSE Testing,MAE Testing,Correlation Testing,Lipschitz Bound
0.0002676726144272834,0.008906246162950993,0.9984877705574036,3.8710622787475586
