MSE Testing,MAE Testing,Correlation Testing,Lipschitz Bound
0.0003029904037248343,0.009972845204174519,0.9982569813728333,4.022386074066162
