MSE Testing,MAE Testing,Correlation Testing,Lipschitz Bound
0.0003278787771705538,0.011976019479334354,0.9981753826141357,3.2515296936035156
