MSE Testing,MAE Testing,Correlation Testing,Lipschitz Bound
0.002761173527687788,0.025691159069538116,0.9855634570121765,41.10416030883789
