MSE Testing,MAE Testing,Correlation Testing,Lipschitz Bound
0.0002416438510408625,0.008852510713040829,0.998606264591217,14.578293800354004
