MSE Testing,MAE Testing,Correlation Testing,Lipschitz Bound
0.0002754826855380088,0.010272148996591568,0.9984164834022522,3.915273427963257
