MSE Testing,MAE Testing,Correlation Testing,Lipschitz Bound
0.00021444857702590525,0.008207249455153942,0.9987529516220093,6.202284336090088
