MSE Testing,MAE Testing,Correlation Testing,Lipschitz Bound
0.00025609199656173587,0.009310010820627213,0.9985510110855103,4.3881964683532715
