MSE Testing,MAE Testing,Correlation Testing,Lipschitz Bound
0.00029545745928771794,0.009989139623939991,0.9983078241348267,3.9375100135803223
