MSE Testing,MAE Testing,Correlation Testing,Lipschitz Bound
0.00018164607172366232,0.0075209736824035645,0.9990132451057434,22.464319229125977
