MSE Testing,MAE Testing,Correlation Testing,Lipschitz Bound
0.00029338887543417513,0.009637553244829178,0.9983403086662292,3.5997793674468994
