MSE Testing,MAE Testing,Correlation Testing,Lipschitz Bound
0.00021408135944511741,0.008510824292898178,0.9987644553184509,5.097294330596924
