MSE Testing,MAE Testing,Correlation Testing,Lipschitz Bound
0.00029846877441741526,0.00979234091937542,0.9982686042785645,3.324124574661255
