MSE Testing,MAE Testing,Correlation Testing,Lipschitz Bound
0.0002539634588174522,0.009150316007435322,0.9985185265541077,4.94594669342041
