MSE Testing,MAE Testing,Correlation Testing,Lipschitz Bound
0.0002635365235619247,0.00926479697227478,0.9984752535820007,3.8644216060638428
