MSE Testing,MAE Testing,Correlation Testing,Lipschitz Bound
0.00016176544886548072,0.008375976234674454,0.9991163015365601,11.075053215026855
