MSE Testing,MAE Testing,Correlation Testing,Lipschitz Bound
0.00021571114484686404,0.008338159881532192,0.9987656474113464,6.6155686378479
