MSE Testing,MAE Testing,Correlation Testing,Lipschitz Bound
0.00031720229890197515,0.009788727387785912,0.9981943964958191,2.903848886489868
