MSE Testing,MAE Testing,Correlation Testing,Lipschitz Bound
0.00031906069489195943,0.010035286657512188,0.9981915950775146,2.869901418685913
