MSE Testing,MAE Testing,Correlation Testing,Lipschitz Bound
0.0002356017503188923,0.0084941815584898,0.998675525188446,14.840099334716797
