MSE Testing,MAE Testing,Correlation Testing,Lipschitz Bound
0.00019584262918215245,0.007974463514983654,0.9988687634468079,9.477753639221191
