MSE Testing,MAE Testing,Correlation Testing,Lipschitz Bound
0.00019952759612351656,0.008128656074404716,0.9988548755645752,7.378798961639404
