MSE Testing,MAE Testing,Correlation Testing,Lipschitz Bound
0.00023973059433046728,0.00897244643419981,0.9986178874969482,4.776435375213623
