MSE Testing,MAE Testing,Correlation Testing,Lipschitz Bound
0.0002757857146207243,0.009547555819153786,0.9984486103057861,4.190756320953369
