MSE Testing,MAE Testing,Correlation Testing,Lipschitz Bound
0.00017023447435349226,0.007760328706353903,0.9990494847297668,13.114089965820312
