MSE Testing,MAE Testing,Correlation Testing,Lipschitz Bound
0.000180940143764019,0.00789328757673502,0.9989675879478455,14.39167594909668
