MSE Testing,MAE Testing,Correlation Testing,Lipschitz Bound
0.000297961087198928,0.00958218052983284,0.9982835054397583,3.831745147705078
