MSE Testing,MAE Testing,Correlation Testing,Lipschitz Bound
0.0002599550352897495,0.008894385769963264,0.9984844923019409,5.695781230926514
