MSE Testing,MAE Testing,Correlation Testing,Lipschitz Bound
0.00020082520495634526,0.00847390852868557,0.9988837242126465,6.659959316253662
