MSE Testing,MAE Testing,Correlation Testing,Lipschitz Bound
0.0002621427411213517,0.009039231576025486,0.998494029045105,3.656291961669922
