MSE Testing,MAE Testing,Correlation Testing,Lipschitz Bound
0.0002567307383287698,0.009115192107856274,0.9985117316246033,3.767531394958496
