MSE Testing,MAE Testing,Correlation Testing,Lipschitz Bound
0.0002664122439455241,0.008913323283195496,0.9984902739524841,5.453268051147461
