MSE Testing,MAE Testing,Correlation Testing,Lipschitz Bound
0.00027972226962447166,0.009494232945144176,0.9983662962913513,5.049677848815918
