MSE Testing,MAE Testing,Correlation Testing,Lipschitz Bound
0.0002863606496248394,0.009378724731504917,0.9983415603637695,3.205327272415161
