MSE Testing,MAE Testing,Correlation Testing,Lipschitz Bound
0.00029833405278623104,0.009277367033064365,0.9982802271842957,3.393214464187622
