MSE Testing,MAE Testing,Correlation Testing,Lipschitz Bound
0.00025858249864540994,0.009531163610517979,0.998643696308136,16.55547332763672
