MSE Testing,MAE Testing,Correlation Testing,Lipschitz Bound
0.00028619138174690306,0.009726904332637787,0.9983696937561035,4.181225299835205
