MSE Testing,MAE Testing,Correlation Testing,Lipschitz Bound
0.0003135721490252763,0.010034517385065556,0.9982083439826965,3.302588939666748
