MSE Testing,MAE Testing,Correlation Testing,Lipschitz Bound
0.0003072439576499164,0.010171857662498951,0.998252272605896,3.233637809753418
