MSE Testing,MAE Testing,Correlation Testing,Lipschitz Bound
0.0002808363933581859,0.009526414796710014,0.9983662366867065,3.8807404041290283
