MSE Testing,MAE Testing,Correlation Testing,Lipschitz Bound
0.0002999445132445544,0.010115111246705055,0.9982903599739075,4.245170593261719
