MSE Testing,MAE Testing,Correlation Testing,Lipschitz Bound
0.00024320588272530586,0.008803940378129482,0.9985886216163635,5.573041915893555
