MSE Testing,MAE Testing,Correlation Testing,Lipschitz Bound
0.000277889019344002,0.009067205712199211,0.9984166622161865,3.7380428314208984
