MSE Testing,MAE Testing,Correlation Testing,Lipschitz Bound
0.00026751207769848406,0.009149189107120037,0.9984838962554932,3.698561191558838
