MSE Testing,MAE Testing,Correlation Testing,Lipschitz Bound
0.00032317344448529184,0.010336889885365963,0.9981535077095032,3.251756429672241
