MSE Testing,MAE Testing,Correlation Testing,Lipschitz Bound
0.0003254484909120947,0.008741049095988274,0.9981440305709839,13.502555847167969
