MSE Testing,MAE Testing,Correlation Testing,Lipschitz Bound
0.0002189644001191482,0.007036034017801285,0.9987608194351196,18.120691299438477
