MSE Testing,MAE Testing,Correlation Testing,Lipschitz Bound
0.0003347577585373074,0.010435856878757477,0.9981544017791748,3.641451120376587
