MSE Testing,MAE Testing,Correlation Testing,Lipschitz Bound
0.000247637159191072,0.007970187813043594,0.9985927939414978,35.46385955810547
