MSE Testing,MAE Testing,Correlation Testing,Lipschitz Bound
0.00026073952903971076,0.008809119462966919,0.9985172748565674,3.9995665550231934
