MSE Testing,MAE Testing,Correlation Testing,Lipschitz Bound
0.00021081880549900234,0.007536030374467373,0.9988446831703186,33.352508544921875
