MSE Testing,MAE Testing,Correlation Testing,Lipschitz Bound
0.00030740853981114924,0.009744946844875813,0.9982807040214539,4.160137176513672
