MSE Testing,MAE Testing,Correlation Testing,Lipschitz Bound
0.00028671816107816994,0.01000493299216032,0.9983706474304199,3.92862868309021
