MSE Testing,MAE Testing,Correlation Testing,Lipschitz Bound
0.00019938041805289686,0.00803571380674839,0.9988895058631897,15.422666549682617
