MSE Testing,MAE Testing,Correlation Testing,Lipschitz Bound
0.00029580778209492564,0.009757149964571,0.9982846975326538,3.3987302780151367
