MSE Testing,MAE Testing,Correlation Testing,Lipschitz Bound
0.00017929576279129833,0.007996528409421444,0.9989750981330872,11.59847354888916
