MSE Testing,MAE Testing,Correlation Testing,Lipschitz Bound
0.00031663296977058053,0.010218446142971516,0.998205304145813,3.015184164047241
