MSE Testing,MAE Testing,Correlation Testing,Lipschitz Bound
0.0002729463158175349,0.00933510810136795,0.9984164834022522,4.102517127990723
