MSE Testing,MAE Testing,Correlation Testing,Lipschitz Bound
0.00032399644260294735,0.007605387829244137,0.9981604814529419,38.35015869140625
