MSE Testing,MAE Testing,Correlation Testing,Lipschitz Bound
0.00023542135022580624,0.008834445849061012,0.9986390471458435,8.978975296020508
