MSE Testing,MAE Testing,Correlation Testing,Lipschitz Bound
0.0002873313787858933,0.009450051933526993,0.9983878135681152,3.1569223403930664
