MSE Testing,MAE Testing,Correlation Testing,Lipschitz Bound
0.00027212893473915756,0.009597757831215858,0.9984411597251892,4.867382526397705
