MSE Testing,MAE Testing,Correlation Testing,Lipschitz Bound
0.00019714704831130803,0.008160590194165707,0.9988692402839661,9.727859497070312
