MSE Testing,MAE Testing,Correlation Testing,Lipschitz Bound
0.00026141980197280645,0.009205945767462254,0.9984816312789917,3.972214698791504
