MSE Testing,MAE Testing,Correlation Testing,Lipschitz Bound
0.00029758710297755897,0.009694557636976242,0.9982994198799133,3.2652182579040527
