MSE Testing,MAE Testing,Correlation Testing,Lipschitz Bound
0.0003013361128978431,0.009605823084712029,0.9983014464378357,3.418937921524048
