MSE Testing,MAE Testing,Correlation Testing,Lipschitz Bound
0.00021499607828445733,0.008675210177898407,0.9987711310386658,6.9598283767700195
