MSE Testing,MAE Testing,Correlation Testing,Lipschitz Bound
0.00024826586013659835,0.008482161909341812,0.9985641241073608,4.513735771179199
