MSE Testing,MAE Testing,Correlation Testing,Lipschitz Bound
0.00013744027819484472,0.006450443062931299,0.9992020130157471,7.89884614944458
