MSE Testing,MAE Testing,Correlation Testing,Lipschitz Bound
0.00047755095874890685,0.009493027813732624,0.9974351525306702,36.02353286743164
