MSE Testing,MAE Testing,Correlation Testing,Lipschitz Bound
0.00029334137798286974,0.009627779945731163,0.9983280897140503,4.089826583862305
