MSE Testing,MAE Testing,Correlation Testing,Lipschitz Bound
0.0003164490917697549,0.010122651234269142,0.9981993436813354,3.152381658554077
