MSE Testing,MAE Testing,Correlation Testing,Lipschitz Bound
0.0002738445473369211,0.009009312838315964,0.9984501004219055,3.7761893272399902
