MSE Testing,MAE Testing,Correlation Testing,Lipschitz Bound
0.0002567203191574663,0.008732715621590614,0.998537540435791,4.065178871154785
