MSE Testing,MAE Testing,Correlation Testing,Lipschitz Bound
0.0003377672110218555,0.01309261005371809,0.9982200860977173,4.043542861938477
