MSE Testing,MAE Testing,Correlation Testing,Lipschitz Bound
0.00034030579263344407,0.01034071296453476,0.9980757832527161,3.1469614505767822
