MSE Testing,MAE Testing,Correlation Testing,Lipschitz Bound
0.00036336274934001267,0.014780651777982712,0.9982848167419434,4.800166130065918
