MSE Testing,MAE Testing,Correlation Testing,Lipschitz Bound
0.00025380231090821326,0.008437225595116615,0.9985405802726746,13.847708702087402
