MSE Testing,MAE Testing,Correlation Testing,Lipschitz Bound
0.00029941328102722764,0.009800376370549202,0.9982843995094299,3.118879795074463
