MSE Testing,MAE Testing,Correlation Testing,Lipschitz Bound
0.00025668443413451314,0.008620794862508774,0.9985151290893555,4.2241716384887695
