MSE Testing,MAE Testing,Correlation Testing,Lipschitz Bound
0.0003167522663716227,0.009815103374421597,0.9982064962387085,2.959522247314453
