MSE Testing,MAE Testing,Correlation Testing,Lipschitz Bound
0.0002551745856180787,0.008963645435869694,0.9985231161117554,4.855094909667969
