MSE Testing,MAE Testing,Correlation Testing,Lipschitz Bound
0.0003784472355619073,0.010073618963360786,0.9979469180107117,25.028629302978516
