MSE Testing,MAE Testing,Correlation Testing,Lipschitz Bound
0.0002642989275045693,0.009592860005795956,0.9985044598579407,5.3677778244018555
