MSE Testing,MAE Testing,Correlation Testing,Lipschitz Bound
0.0002939227852039039,0.009505855850875378,0.9983139038085938,3.177281379699707
