MSE Testing,MAE Testing,Correlation Testing,Lipschitz Bound
0.00021007779287174344,0.008339052088558674,0.9987897276878357,5.803642272949219
