MSE Testing,MAE Testing,Correlation Testing,Lipschitz Bound
0.0002430645254207775,0.008527962490916252,0.9985882639884949,4.444033145904541
