MSE Testing,MAE Testing,Correlation Testing,Lipschitz Bound
0.0003195806930307299,0.009887619875371456,0.9982041716575623,3.110705614089966
