MSE Testing,MAE Testing,Correlation Testing,Lipschitz Bound
0.0002463027194608003,0.008513705804944038,0.9985707402229309,4.823046684265137
