MSE Testing,MAE Testing,Correlation Testing,Lipschitz Bound
0.0002711028209887445,0.0066665168851614,0.9984877109527588,25.530059814453125
