MSE Testing,MAE Testing,Correlation Testing,Lipschitz Bound
0.00024118751753121614,0.009325663559138775,0.9985984563827515,7.759509086608887
