MSE Testing,MAE Testing,Correlation Testing,Lipschitz Bound
0.000264018279267475,0.009106739424169064,0.9984894394874573,3.5865721702575684
