MSE Testing,MAE Testing,Correlation Testing,Lipschitz Bound
0.00025065685622394085,0.008756093680858612,0.9985843896865845,12.08181095123291
