MSE Testing,MAE Testing,Correlation Testing,Lipschitz Bound
0.00029447348788380623,0.009101947769522667,0.9984205961227417,21.532962799072266
