MSE Testing,MAE Testing,Correlation Testing,Lipschitz Bound
0.0003350283077452332,0.010175565257668495,0.9980696439743042,3.079814910888672
