MSE Testing,MAE Testing,Correlation Testing,Lipschitz Bound
0.00017073775234166533,0.0073254951275885105,0.999013364315033,5.966790199279785
