MSE Testing,MAE Testing,Correlation Testing,Lipschitz Bound
0.00027315568877384067,0.009116755798459053,0.9984287023544312,4.415616989135742
