MSE Testing,MAE Testing,Correlation Testing,Lipschitz Bound
0.0001703537709545344,0.007057154085487127,0.9990331530570984,14.549352645874023
