MSE Testing,MAE Testing,Correlation Testing,Lipschitz Bound
0.00024737234343774617,0.009286118671298027,0.9985670447349548,4.707560062408447
