MSE Testing,MAE Testing,Correlation Testing,Lipschitz Bound
0.00032796841696836054,0.010212144814431667,0.9981288313865662,3.3277077674865723
