MSE Testing,MAE Testing,Correlation Testing,Lipschitz Bound
0.0003201994113624096,0.008703136816620827,0.9982263445854187,18.044679641723633
