MSE Testing,MAE Testing,Correlation Testing,Lipschitz Bound
0.00022824110055807978,0.008676090277731419,0.9986797571182251,4.232987403869629
