MSE Testing,MAE Testing,Correlation Testing,Lipschitz Bound
0.00020850049622822553,0.009346060454845428,0.9988364577293396,6.085243225097656
