MSE Testing,MAE Testing,Correlation Testing,Lipschitz Bound
0.00027872491045854986,0.009299359284341335,0.9984217286109924,3.225095748901367
