MSE Testing,MAE Testing,Correlation Testing,Lipschitz Bound
0.00023434843751601875,0.007432921323925257,0.9986630082130432,25.0272159576416
