MSE Testing,MAE Testing,Correlation Testing,Lipschitz Bound
0.000328699970850721,0.01079650316387415,0.9981379508972168,3.3338613510131836
