MSE Testing,MAE Testing,Correlation Testing,Lipschitz Bound
0.00019245110161136836,0.007984556257724762,0.998867928981781,18.287004470825195
