MSE Testing,MAE Testing,Correlation Testing,Lipschitz Bound
0.000270738557446748,0.009349382482469082,0.9984157681465149,5.608259201049805
