MSE Testing,MAE Testing,Correlation Testing,Lipschitz Bound
0.00030920185963623226,0.009793904609978199,0.9981966614723206,3.731963634490967
