MSE Testing,MAE Testing,Correlation Testing,Lipschitz Bound
0.000283564644632861,0.009590365923941135,0.998390793800354,3.560944080352783
