MSE Testing,MAE Testing,Correlation Testing,Lipschitz Bound
0.0002168303617509082,0.008105188608169556,0.998744010925293,5.395357131958008
