MSE Testing,MAE Testing,Correlation Testing,Lipschitz Bound
0.0002799095818772912,0.009551556780934334,0.9984105229377747,4.363572120666504
