MSE Testing,MAE Testing,Correlation Testing,Lipschitz Bound
0.00023527382290922105,0.008625933900475502,0.9986806511878967,16.536174774169922
