MSE Testing,MAE Testing,Correlation Testing,Lipschitz Bound
0.0001842616911744699,0.007698670495301485,0.9989157319068909,7.4545369148254395
