MSE Testing,MAE Testing,Correlation Testing,Lipschitz Bound
0.0001719277788652107,0.007396364584565163,0.9990047216415405,16.21840476989746
