MSE Testing,MAE Testing,Correlation Testing,Lipschitz Bound
0.0002504722506273538,0.008864585310220718,0.9985396862030029,3.906155586242676
