MSE Testing,MAE Testing,Correlation Testing,Lipschitz Bound
0.0001820500910980627,0.007227113004773855,0.998989999294281,17.146785736083984
