MSE Testing,MAE Testing,Correlation Testing,Lipschitz Bound
0.00029666011687368155,0.00944412313401699,0.998305082321167,3.925347089767456
