MSE Testing,MAE Testing,Correlation Testing,Lipschitz Bound
0.0002512963255867362,0.008930116891860962,0.998600423336029,4.0263776779174805
