MSE Testing,MAE Testing,Correlation Testing,Lipschitz Bound
0.0003142787318211049,0.009818569757044315,0.9981934428215027,2.733062744140625
