MSE Testing,MAE Testing,Correlation Testing,Lipschitz Bound
0.0003138334141112864,0.0098952054977417,0.9981929659843445,2.6098287105560303
