MSE Testing,MAE Testing,Correlation Testing,Lipschitz Bound
0.00029981890111230314,0.00961212906986475,0.998282253742218,3.127068042755127
