MSE Testing,MAE Testing,Correlation Testing,Lipschitz Bound
0.0002850005985237658,0.009282448329031467,0.9983665347099304,4.147578716278076
