MSE Testing,MAE Testing,Correlation Testing,Lipschitz Bound
0.0003308203595224768,0.01348277647048235,0.9983009696006775,4.689821720123291
