MSE Testing,MAE Testing,Correlation Testing,Lipschitz Bound
0.00014223152538761497,0.007115816697478294,0.9991926550865173,7.798240661621094
