MSE Testing,MAE Testing,Correlation Testing,Lipschitz Bound
0.00020798962214030325,0.008098525926470757,0.9988057613372803,4.5174713134765625
