MSE Testing,MAE Testing,Correlation Testing,Lipschitz Bound
0.0002908129245042801,0.009487157687544823,0.998329222202301,3.4552247524261475
