MSE Testing,MAE Testing,Correlation Testing,Lipschitz Bound
0.00019545151735655963,0.008158024400472641,0.9988738894462585,8.588146209716797
