MSE Testing,MAE Testing,Correlation Testing,Lipschitz Bound
0.0002315917081432417,0.008232323452830315,0.9986918568611145,12.264724731445312
