MSE Testing,MAE Testing,Correlation Testing,Lipschitz Bound
0.0002858047082554549,0.009413943625986576,0.9983469843864441,4.148745059967041
