MSE Testing,MAE Testing,Correlation Testing,Lipschitz Bound
0.0003089956589974463,0.008080881088972092,0.9982544183731079,20.737010955810547
