MSE Testing,MAE Testing,Correlation Testing,Lipschitz Bound
0.000283750327071175,0.009260852821171284,0.9983739256858826,3.810023784637451
