MSE Testing,MAE Testing,Correlation Testing,Lipschitz Bound
0.0002617154095787555,0.009172565303742886,0.9984765648841858,6.936957836151123
