MSE Testing,MAE Testing,Correlation Testing,Lipschitz Bound
0.0003460806328803301,0.010042237117886543,0.9981012940406799,19.867252349853516
