MSE Testing,MAE Testing,Correlation Testing,Lipschitz Bound
0.0002585614565759897,0.009201761335134506,0.9985054731369019,4.012141704559326
