MSE Testing,MAE Testing,Correlation Testing,Lipschitz Bound
0.00015688508574385196,0.0067553590051829815,0.9991287589073181,30.866506576538086
