MSE Testing,MAE Testing,Correlation Testing,Lipschitz Bound
0.0003219365607947111,0.0096414964646101,0.9981513023376465,2.890225648880005
