MSE Testing,MAE Testing,Correlation Testing,Lipschitz Bound
0.000279948057141155,0.009404012002050877,0.9983811378479004,3.70955228805542
