MSE Testing,MAE Testing,Correlation Testing,Lipschitz Bound
0.00022660450486000627,0.008306344971060753,0.99868243932724,5.426639556884766
