MSE Testing,MAE Testing,Correlation Testing,Lipschitz Bound
0.0001889525883598253,0.00790220033377409,0.9989193081855774,8.588677406311035
