MSE Testing,MAE Testing,Correlation Testing,Lipschitz Bound
0.00022412140970118344,0.00846770592033863,0.9987204670906067,4.1580810546875
