MSE Testing,MAE Testing,Correlation Testing,Lipschitz Bound
0.00026745174545794725,0.009042185731232166,0.9984633326530457,3.7166554927825928
