MSE Testing,MAE Testing,Correlation Testing,Lipschitz Bound
0.0002551227807998657,0.008240975439548492,0.998543381690979,19.211353302001953
