MSE Testing,MAE Testing,Correlation Testing,Lipschitz Bound
0.00020098849199712276,0.010070455260574818,0.998974084854126,7.156345844268799
