MSE Testing,MAE Testing,Correlation Testing,Lipschitz Bound
0.00028137603658251464,0.009417223744094372,0.998403012752533,3.532194137573242
