MSE Testing,MAE Testing,Correlation Testing,Lipschitz Bound
0.0002923461433965713,0.009259229525923729,0.9983541965484619,3.344932794570923
