MSE Testing,MAE Testing,Correlation Testing,Lipschitz Bound
0.00028930805274285376,0.009322588331997395,0.9983710646629333,3.61568546295166
