MSE Testing,MAE Testing,Correlation Testing,Lipschitz Bound
0.00027254768065176904,0.009331156499683857,0.9984200596809387,3.5935707092285156
