MSE Testing,MAE Testing,Correlation Testing,Lipschitz Bound
0.00035216016112826765,0.012565347366034985,0.9984707236289978,4.823094367980957
