MSE Testing,MAE Testing,Correlation Testing,Lipschitz Bound
0.0002187459758715704,0.00851182546466589,0.9987389445304871,6.582896709442139
