MSE Testing,MAE Testing,Correlation Testing,Lipschitz Bound
0.0003109653771389276,0.009965267963707447,0.9982372522354126,3.2253236770629883
