MSE Testing,MAE Testing,Correlation Testing,Lipschitz Bound
0.000304664223222062,0.00961101334542036,0.9983378648757935,3.0314817428588867
