MSE Testing,MAE Testing,Correlation Testing,Lipschitz Bound
0.00029245775658637285,0.009531000629067421,0.9983282089233398,3.3215930461883545
