MSE Testing,MAE Testing,Correlation Testing,Lipschitz Bound
0.00019037206948269159,0.008189101703464985,0.9989264011383057,7.697767734527588
