MSE Testing,MAE Testing,Correlation Testing,Lipschitz Bound
0.0003435149264987558,0.01083253975957632,0.9980627298355103,3.0780460834503174
