MSE Testing,MAE Testing,Correlation Testing,Lipschitz Bound
0.00020403137023095042,0.00811015721410513,0.9988313317298889,7.908141136169434
