MSE Testing,MAE Testing,Correlation Testing,Lipschitz Bound
0.00029224526952020824,0.00938049890100956,0.9983291029930115,3.5934736728668213
