MSE Testing,MAE Testing,Correlation Testing,Lipschitz Bound
0.00031289670732803643,0.009699264541268349,0.9981870651245117,2.659331798553467
