MSE Testing,MAE Testing,Correlation Testing,Lipschitz Bound
0.0003692442551255226,0.008868908509612083,0.9980127811431885,24.63146209716797
