MSE Testing,MAE Testing,Correlation Testing,Lipschitz Bound
0.00033545863698236644,0.010801010765135288,0.9981047511100769,3.267943859100342
