MSE Testing,MAE Testing,Correlation Testing,Lipschitz Bound
0.0002291668060934171,0.008215595036745071,0.9986876845359802,4.752341270446777
