MSE Testing,MAE Testing,Correlation Testing,Lipschitz Bound
0.00030219907057471573,0.009574291296303272,0.9982747435569763,3.282668113708496
