MSE Testing,MAE Testing,Correlation Testing,Lipschitz Bound
0.0003285519778728485,0.009924284182488918,0.9982253313064575,3.533104419708252
