MSE Testing,MAE Testing,Correlation Testing,Lipschitz Bound
0.0029227719642221928,0.02539810724556446,0.9852072596549988,45.10976791381836
