MSE Testing,MAE Testing,Correlation Testing,Lipschitz Bound
0.00047330858069472015,0.01641428843140602,0.9985772967338562,3.717972755432129
