MSE Testing,MAE Testing,Correlation Testing,Lipschitz Bound
0.0003020192380063236,0.00998291652649641,0.9982626438140869,2.9484217166900635
