MSE Testing,MAE Testing,Correlation Testing,Lipschitz Bound
0.00021078286226838827,0.008517606183886528,0.9987781047821045,6.7701334953308105
