MSE Testing,MAE Testing,Correlation Testing,Lipschitz Bound
0.00019259293912909925,0.007569329347461462,0.9989170432090759,14.458192825317383
