MSE Testing,MAE Testing,Correlation Testing,Lipschitz Bound
0.00031107800896279514,0.010543005540966988,0.9983775019645691,3.174767017364502
