MSE Testing,MAE Testing,Correlation Testing,Lipschitz Bound
0.0003098410670645535,0.009751695208251476,0.9982332587242126,3.0467042922973633
