MSE Testing,MAE Testing,Correlation Testing,Lipschitz Bound
0.00033070234348997474,0.010150780901312828,0.9980930685997009,3.1485443115234375
