MSE Testing,MAE Testing,Correlation Testing,Lipschitz Bound
0.0003144065267406404,0.010160296224057674,0.998196542263031,3.2751495838165283
