MSE Testing,MAE Testing,Correlation Testing,Lipschitz Bound
0.00020989993936382234,0.008387911133468151,0.9987913370132446,7.404557704925537
