MSE Testing,MAE Testing,Correlation Testing,Lipschitz Bound
0.0011338390177115798,0.01760360226035118,0.9945691823959351,29.01470375061035
