MSE Testing,MAE Testing,Correlation Testing,Lipschitz Bound
0.00045362961827777326,0.017595160752534866,0.9980753064155579,3.402437686920166
