MSE Testing,MAE Testing,Correlation Testing,Lipschitz Bound
0.0003039264411199838,0.009654133580625057,0.9982715845108032,3.14461612701416
