MSE Testing,MAE Testing,Correlation Testing,Lipschitz Bound
0.00021048002236057073,0.007942846976220608,0.9987965822219849,6.51718807220459
