MSE Testing,MAE Testing,Correlation Testing,Lipschitz Bound
0.00029062226531095803,0.009633202105760574,0.9983587265014648,4.211758136749268
