MSE Testing,MAE Testing,Correlation Testing,Lipschitz Bound
0.0003212560259271413,0.010259067639708519,0.9982241988182068,3.4356470108032227
