MSE Testing,MAE Testing,Correlation Testing,Lipschitz Bound
0.00031207414576783776,0.009812594391405582,0.9982234835624695,2.9524059295654297
