MSE Testing,MAE Testing,Correlation Testing,Lipschitz Bound
0.00018538547737989575,0.0078080627135932446,0.998918354511261,9.824371337890625
