MSE Testing,MAE Testing,Correlation Testing,Lipschitz Bound
0.00032480907975696027,0.010091235861182213,0.9981397986412048,3.1247735023498535
