MSE Testing,MAE Testing,Correlation Testing,Lipschitz Bound
0.00033492851071059704,0.01428770087659359,0.998376190662384,4.006077766418457
