MSE Testing,MAE Testing,Correlation Testing,Lipschitz Bound
0.00026805527159012854,0.009146058931946754,0.9984690546989441,4.45258092880249
