MSE Testing,MAE Testing,Correlation Testing,Lipschitz Bound
0.0003353840147610754,0.012520097196102142,0.9981396198272705,2.742696523666382
