MSE Testing,MAE Testing,Correlation Testing,Lipschitz Bound
0.0003162198991049081,0.010506436228752136,0.9983447194099426,3.6673028469085693
