MSE Testing,MAE Testing,Correlation Testing,Lipschitz Bound
0.0003088355006184429,0.009767057374119759,0.9982373714447021,2.990513324737549
