MSE Testing,MAE Testing,Correlation Testing,Lipschitz Bound
0.000254310347372666,0.009006651118397713,0.9985490441322327,3.910121202468872
