MSE Testing,MAE Testing,Correlation Testing,Lipschitz Bound
0.0002756324829533696,0.009351109154522419,0.9984204769134521,3.351745843887329
