MSE Testing,MAE Testing,Correlation Testing,Lipschitz Bound
0.0002516334061510861,0.008883013390004635,0.9985568523406982,7.370039939880371
