MSE Testing,MAE Testing,Correlation Testing,Lipschitz Bound
0.0018388641765341163,0.01936156675219536,0.9901283383369446,41.74064254760742
