MSE Testing,MAE Testing,Correlation Testing,Lipschitz Bound
0.0006057535065338016,0.009511957876384258,0.9966022372245789,27.87874984741211
