MSE Testing,MAE Testing,Correlation Testing,Lipschitz Bound
0.00024414650397375226,0.009334409609436989,0.9985914826393127,7.289675235748291
