MSE Testing,MAE Testing,Correlation Testing,Lipschitz Bound
0.00030102176242507994,0.010694420896470547,0.998273491859436,2.9821088314056396
