MSE Testing,MAE Testing,Correlation Testing,Lipschitz Bound
0.00018614916189108044,0.007951095700263977,0.9989187121391296,6.247986793518066
