MSE Testing,MAE Testing,Correlation Testing,Lipschitz Bound
0.0002696014998946339,0.008942754939198494,0.9984403252601624,3.832828998565674
