MSE Testing,MAE Testing,Correlation Testing,Lipschitz Bound
0.00021044581080786884,0.007977776229381561,0.9987931847572327,11.068021774291992
