MSE Testing,MAE Testing,Correlation Testing,Lipschitz Bound
0.00020563740690704435,0.008131774142384529,0.9988048076629639,7.022320747375488
