MSE Testing,MAE Testing,Correlation Testing,Lipschitz Bound
0.0003260892699472606,0.010680434294044971,0.9981489777565002,3.4335508346557617
