MSE Testing,MAE Testing,Correlation Testing,Lipschitz Bound
0.0003167969116475433,0.009864211082458496,0.9981743693351746,2.977886199951172
