MSE Testing,MAE Testing,Correlation Testing,Lipschitz Bound
0.00029421556973829865,0.009527446702122688,0.9983037114143372,3.923022985458374
