MSE Testing,MAE Testing,Correlation Testing,Lipschitz Bound
0.00022755896497983485,0.00872962735593319,0.9987183213233948,7.004062652587891
