MSE Testing,MAE Testing,Correlation Testing,Lipschitz Bound
0.0001933815365191549,0.00784847978502512,0.9988769888877869,8.453544616699219
