MSE Testing,MAE Testing,Correlation Testing,Lipschitz Bound
0.0002448638260830194,0.00871504656970501,0.9985750317573547,4.774366855621338
