MSE Testing,MAE Testing,Correlation Testing,Lipschitz Bound
0.00024327867140527815,0.008779291994869709,0.9985856413841248,4.357973575592041
