MSE Testing,MAE Testing,Correlation Testing,Lipschitz Bound
0.0003429108182899654,0.010607694275677204,0.9980719089508057,3.1547815799713135
