MSE Testing,MAE Testing,Correlation Testing,Lipschitz Bound
0.0002975361130665988,0.009652684442698956,0.9983043670654297,3.509648323059082
