MSE Testing,MAE Testing,Correlation Testing,Lipschitz Bound
0.00025257893139496446,0.008517538197338581,0.9985421299934387,4.361746788024902
