MSE Testing,MAE Testing,Correlation Testing,Lipschitz Bound
0.0005060377297922969,0.018756380304694176,0.9979801177978516,3.779667615890503
