MSE Testing,MAE Testing,Correlation Testing,Lipschitz Bound
0.00030598233570344746,0.009794804267585278,0.9982615113258362,3.767855167388916
