MSE Testing,MAE Testing,Correlation Testing,Lipschitz Bound
0.00022429700766224414,0.008165857754647732,0.9987000823020935,6.170023441314697
