MSE Testing,MAE Testing,Correlation Testing,Lipschitz Bound
0.00020978042448405176,0.008468793705105782,0.9987888932228088,4.943390369415283
