MSE Testing,MAE Testing,Correlation Testing,Lipschitz Bound
0.0002863665285985917,0.009289449080824852,0.9983845353126526,4.755393028259277
