MSE Testing,MAE Testing,Correlation Testing,Lipschitz Bound
0.000262396817561239,0.00900461245328188,0.9984784126281738,5.079695701599121
