MSE Testing,MAE Testing,Correlation Testing,Lipschitz Bound
0.0002614371187519282,0.008992454968392849,0.9984992146492004,4.709990501403809
