MSE Testing,MAE Testing,Correlation Testing,Lipschitz Bound
0.00019983334641437978,0.008126751519739628,0.9988558888435364,7.674988269805908
