MSE Testing,MAE Testing,Correlation Testing,Lipschitz Bound
0.0002827311400324106,0.009425479918718338,0.9983690977096558,3.638455867767334
