MSE Testing,MAE Testing,Correlation Testing,Lipschitz Bound
0.00028978512273170054,0.009657747112214565,0.9983376264572144,3.989778757095337
