MSE Testing,MAE Testing,Correlation Testing,Lipschitz Bound
0.00030874277581460774,0.010983464308083057,0.9985730648040771,4.104248523712158
