MSE Testing,MAE Testing,Correlation Testing,Lipschitz Bound
0.0003128108801320195,0.009439625777304173,0.9982132911682129,3.5154154300689697
