MSE Testing,MAE Testing,Correlation Testing,Lipschitz Bound
0.00021817059314344078,0.008315677754580975,0.9987468719482422,5.959954738616943
