MSE Testing,MAE Testing,Correlation Testing,Lipschitz Bound
0.0002517661196179688,0.009652932174503803,0.9985811114311218,6.533933639526367
