MSE Testing,MAE Testing,Correlation Testing,Lipschitz Bound
0.00029427153640426695,0.009487713687121868,0.9983088970184326,3.3237717151641846
