MSE Testing,MAE Testing,Correlation Testing,Lipschitz Bound
0.0002842829271685332,0.00929989293217659,0.9983621835708618,3.500359058380127
