MSE Testing,MAE Testing,Correlation Testing,Lipschitz Bound
0.00024802578263916075,0.008609117940068245,0.9985682368278503,4.191086292266846
