MSE Testing,MAE Testing,Correlation Testing,Lipschitz Bound
0.0003100572503171861,0.009859043173491955,0.9982284903526306,3.077533006668091
