MSE Testing,MAE Testing,Correlation Testing,Lipschitz Bound
0.0002254399296361953,0.008397528901696205,0.998707115650177,4.1678547859191895
