MSE Testing,MAE Testing,Correlation Testing,Lipschitz Bound
0.0003204171662218869,0.010013447143137455,0.9981411695480347,3.422292947769165
