MSE Testing,MAE Testing,Correlation Testing,Lipschitz Bound
0.00032727449433878064,0.009942254982888699,0.9981471300125122,3.3016304969787598
