MSE Testing,MAE Testing,Correlation Testing,Lipschitz Bound
0.00028339086566120386,0.009354582987725735,0.9983742237091064,3.5331029891967773
