MSE Testing,MAE Testing,Correlation Testing,Lipschitz Bound
0.0002405499981250614,0.009561808779835701,0.9986259937286377,7.766267776489258
