MSE Testing,MAE Testing,Correlation Testing,Lipschitz Bound
0.0002894829376600683,0.00944430660456419,0.9983389973640442,3.4312527179718018
