MSE Testing,MAE Testing,Correlation Testing,Lipschitz Bound
0.0020474721677601337,0.025393681600689888,0.9901559948921204,40.71695327758789
