MSE Testing,MAE Testing,Correlation Testing,Lipschitz Bound
0.00027225184021517634,0.009151216596364975,0.9984420537948608,4.0651469230651855
