MSE Testing,MAE Testing,Correlation Testing,Lipschitz Bound
0.00023514889471698552,0.00868434552103281,0.9986377358436584,8.883930206298828
