MSE Testing,MAE Testing,Correlation Testing,Lipschitz Bound
0.00027087415219284594,0.010171527974307537,0.9985731840133667,5.182817459106445
