MSE Testing,MAE Testing,Correlation Testing,Lipschitz Bound
0.00027739230426959693,0.00942784920334816,0.998400866985321,4.226564884185791
