MSE Testing,MAE Testing,Correlation Testing,Lipschitz Bound
0.00027432688511908054,0.009329702705144882,0.9984082579612732,3.5461361408233643
