MSE Testing,MAE Testing,Correlation Testing,Lipschitz Bound
0.0017527423333376646,0.01848345808684826,0.9905035495758057,40.70759582519531
