MSE Testing,MAE Testing,Correlation Testing,Lipschitz Bound
0.0003017194103449583,0.009797359816730022,0.9982540011405945,3.7237536907196045
