MSE Testing,MAE Testing,Correlation Testing,Lipschitz Bound
0.00030117807909846306,0.009629219770431519,0.9982883334159851,2.977393627166748
