MSE Testing,MAE Testing,Correlation Testing,Lipschitz Bound
0.000331197923514992,0.01076548546552658,0.9981003403663635,3.728059768676758
