MSE Testing,MAE Testing,Correlation Testing,Lipschitz Bound
0.0002624256012495607,0.009307910688221455,0.9985026121139526,3.7961244583129883
