MSE Testing,MAE Testing,Correlation Testing,Lipschitz Bound
0.00018159304454457015,0.008022052235901356,0.9989980459213257,16.15819549560547
