MSE Testing,MAE Testing,Correlation Testing,Lipschitz Bound
0.0003061885363422334,0.010087101720273495,0.9982340335845947,3.6239209175109863
