MSE Testing,MAE Testing,Correlation Testing,Lipschitz Bound
0.00021931048831902444,0.008355346508324146,0.9987748265266418,11.259075164794922
