MSE Testing,MAE Testing,Correlation Testing,Lipschitz Bound
0.0003260275407228619,0.010208460502326488,0.99819415807724,3.7867050170898438
