MSE Testing,MAE Testing,Correlation Testing,Lipschitz Bound
0.00028612714959308505,0.00818979274481535,0.9984153509140015,24.080476760864258
