MSE Testing,MAE Testing,Correlation Testing,Lipschitz Bound
0.001747154165059328,0.02018333226442337,0.9907703995704651,36.84513473510742
