MSE Testing,MAE Testing,Correlation Testing,Lipschitz Bound
0.0002161782467737794,0.00837546307593584,0.9987674355506897,5.696621894836426
