MSE Testing,MAE Testing,Correlation Testing,Lipschitz Bound
0.0002430741733405739,0.009408903308212757,0.9986152052879333,7.959907531738281
