MSE Testing,MAE Testing,Correlation Testing,Lipschitz Bound
0.00022957070905249566,0.007299613207578659,0.9986942410469055,24.620790481567383
