MSE Testing,MAE Testing,Correlation Testing,Lipschitz Bound
0.0002882149419747293,0.009455799125134945,0.9983490705490112,3.4382522106170654
