MSE Testing,MAE Testing,Correlation Testing,Lipschitz Bound
0.0002904792781919241,0.009626935236155987,0.9983416795730591,4.181778430938721
