MSE Testing,MAE Testing,Correlation Testing,Lipschitz Bound
0.0002816208580043167,0.009416352957487106,0.9983695149421692,3.349790096282959
