MSE Testing,MAE Testing,Correlation Testing,Lipschitz Bound
0.00027998132281936705,0.008626551367342472,0.9985520243644714,34.5228271484375
