MSE Testing,MAE Testing,Correlation Testing,Lipschitz Bound
0.00022420371533371508,0.008388984017074108,0.9987033009529114,5.695312976837158
