MSE Testing,MAE Testing,Correlation Testing,Lipschitz Bound
0.0002450145548209548,0.008851923048496246,0.9986085295677185,5.656943321228027
