MSE Testing,MAE Testing,Correlation Testing,Lipschitz Bound
0.0002785427786875516,0.009299938566982746,0.9984201788902283,3.4037954807281494
