MSE Testing,MAE Testing,Correlation Testing,Lipschitz Bound
0.000285493180854246,0.010068350471556187,0.9984872937202454,4.579042434692383
