MSE Testing,MAE Testing,Correlation Testing,Lipschitz Bound
0.0002627461508382112,0.009412829764187336,0.9984686970710754,4.641047477722168
