MSE Testing,MAE Testing,Correlation Testing,Lipschitz Bound
0.00025357285630889237,0.008775252848863602,0.9985573887825012,4.43622350692749
