MSE Testing,MAE Testing,Correlation Testing,Lipschitz Bound
0.00021058795391581953,0.00802129041403532,0.9987685680389404,5.717440605163574
