MSE Testing,MAE Testing,Correlation Testing,Lipschitz Bound
0.00024002684222068638,0.00845982413738966,0.998606264591217,9.045027732849121
