MSE Testing,MAE Testing,Correlation Testing,Lipschitz Bound
0.001477493206039071,0.020978141576051712,0.9927350878715515,36.22227478027344
