MSE Testing,MAE Testing,Correlation Testing,Lipschitz Bound
0.00020329946710262448,0.008293520659208298,0.9988386034965515,9.016660690307617
