MSE Testing,MAE Testing,Correlation Testing,Lipschitz Bound
0.0002590162621345371,0.0086610596626997,0.9985145330429077,9.87713623046875
