MSE Testing,MAE Testing,Correlation Testing,Lipschitz Bound
0.00018140450993087143,0.007858864031732082,0.9989650249481201,5.202351093292236
