MSE Testing,MAE Testing,Correlation Testing,Lipschitz Bound
0.00018752603500615805,0.008353132754564285,0.9989440441131592,8.166799545288086
