MSE Testing,MAE Testing,Correlation Testing,Lipschitz Bound
0.00027192896232008934,0.009311621077358723,0.9984224438667297,4.246581554412842
