MSE Testing,MAE Testing,Correlation Testing,Lipschitz Bound
0.00024583644699305296,0.009631535969674587,0.9985877871513367,4.247678756713867
