MSE Testing,MAE Testing,Correlation Testing,Lipschitz Bound
0.000221196110942401,0.007144661154597998,0.9987279772758484,19.65494728088379
