MSE Testing,MAE Testing,Correlation Testing,Lipschitz Bound
0.0003398885310161859,0.010923774912953377,0.9980998635292053,3.5780515670776367
