MSE Testing,MAE Testing,Correlation Testing,Lipschitz Bound
0.0002723495417740196,0.009206272661685944,0.9984605312347412,3.374769926071167
