MSE Testing,MAE Testing,Correlation Testing,Lipschitz Bound
0.00031199862132780254,0.009990892373025417,0.998376190662384,3.041259288787842
