MSE Testing,MAE Testing,Correlation Testing,Lipschitz Bound
0.00014174888201523572,0.0070810033939778805,0.9991853833198547,16.12456703186035
