MSE Testing,MAE Testing,Correlation Testing,Lipschitz Bound
0.000222362854401581,0.006852519232779741,0.9987689852714539,27.207260131835938
