MSE Testing,MAE Testing,Correlation Testing,Lipschitz Bound
0.000266536429990083,0.009046276099979877,0.9984471201896667,5.42910099029541
