MSE Testing,MAE Testing,Correlation Testing,Lipschitz Bound
0.0020779073238372803,0.02025056630373001,0.9889888763427734,46.31940841674805
