MSE Testing,MAE Testing,Correlation Testing,Lipschitz Bound
0.00027071035583503544,0.009547940455377102,0.9984826445579529,4.038610458374023
