MSE Testing,MAE Testing,Correlation Testing,Lipschitz Bound
0.00023162653087638319,0.009039432741701603,0.9986536502838135,4.593017101287842
