MSE Testing,MAE Testing,Correlation Testing,Lipschitz Bound
0.0003407411277294159,0.010557948611676693,0.9980898499488831,3.2474827766418457
