MSE Testing,MAE Testing,Correlation Testing,Lipschitz Bound
0.0002512028149794787,0.008727499283850193,0.9986113905906677,20.687288284301758
