MSE Testing,MAE Testing,Correlation Testing,Lipschitz Bound
0.000264135334873572,0.009355572983622551,0.9984668493270874,4.203191757202148
