MSE Testing,MAE Testing,Correlation Testing,Lipschitz Bound
0.0002989014028571546,0.009446532465517521,0.9982585906982422,2.819579601287842
