MSE Testing,MAE Testing,Correlation Testing,Lipschitz Bound
0.000293134682578966,0.009785481728613377,0.9982969760894775,3.3381998538970947
