MSE Testing,MAE Testing,Correlation Testing,Lipschitz Bound
0.00016591636813245714,0.006724630482494831,0.9990799427032471,33.04457092285156
