MSE Testing,MAE Testing,Correlation Testing,Lipschitz Bound
0.00020967154705431312,0.008140589110553265,0.9987837672233582,8.794021606445312
