MSE Testing,MAE Testing,Correlation Testing,Lipschitz Bound
0.0013659513788297772,0.019519679248332977,0.9926534295082092,41.08345413208008
