MSE Testing,MAE Testing,Correlation Testing,Lipschitz Bound
0.00033322328818030655,0.010694839991629124,0.9981008768081665,3.643491268157959
