MSE Testing,MAE Testing,Correlation Testing,Lipschitz Bound
0.00018795237701851875,0.0077172559686005116,0.9989123344421387,10.325437545776367
