MSE Testing,MAE Testing,Correlation Testing,Lipschitz Bound
0.0003488606307655573,0.013216218911111355,0.9981219172477722,3.6284406185150146
