MSE Testing,MAE Testing,Correlation Testing,Lipschitz Bound
0.00029293514671735466,0.009489866904914379,0.9983406066894531,3.0773508548736572
