MSE Testing,MAE Testing,Correlation Testing,Lipschitz Bound
0.00028536919853650033,0.009562118910253048,0.9983580112457275,4.308607578277588
