MSE Testing,MAE Testing,Correlation Testing,Lipschitz Bound
0.00018886248290073127,0.0068187350407242775,0.9989638924598694,23.297670364379883
