MSE Testing,MAE Testing,Correlation Testing,Lipschitz Bound
0.00039312135777436197,0.015185005962848663,0.9980278015136719,2.922304391860962
