MSE Testing,MAE Testing,Correlation Testing,Lipschitz Bound
0.00036279711639508605,0.013796227984130383,0.9980911016464233,3.1730778217315674
