MSE Testing,MAE Testing,Correlation Testing,Lipschitz Bound
0.00026397290639579296,0.009676470421254635,0.9984870553016663,4.441370487213135
