MSE Testing,MAE Testing,Correlation Testing,Lipschitz Bound
0.00028494259458966553,0.009165115654468536,0.9983752369880676,3.5333657264709473
