MSE Testing,MAE Testing,Correlation Testing,Lipschitz Bound
0.0011592471273615956,0.01627666875720024,0.99370276927948,35.914955139160156
