MSE Testing,MAE Testing,Correlation Testing,Lipschitz Bound
0.00017364077211823314,0.007486726623028517,0.9990166425704956,14.730670928955078
