MSE Testing,MAE Testing,Correlation Testing,Lipschitz Bound
0.000313820579322055,0.009421293623745441,0.9981943964958191,3.134082794189453
