MSE Testing,MAE Testing,Correlation Testing,Lipschitz Bound
0.0002536210813559592,0.008953925222158432,0.9985387325286865,6.271402359008789
