MSE Testing,MAE Testing,Correlation Testing,Lipschitz Bound
0.0002630505186971277,0.00894435215741396,0.9984666109085083,5.315225601196289
