MSE Testing,MAE Testing,Correlation Testing,Lipschitz Bound
0.0002273044374305755,0.00807948037981987,0.9987204670906067,13.742542266845703
