MSE Testing,MAE Testing,Correlation Testing,Lipschitz Bound
0.00027491385117173195,0.009723390452563763,0.9984337091445923,3.904200553894043
