MSE Testing,MAE Testing,Correlation Testing,Lipschitz Bound
0.00028253893833607435,0.01021051499992609,0.9983770251274109,4.6123175621032715
