MSE Testing,MAE Testing,Correlation Testing,Lipschitz Bound
0.00020858744392171502,0.008835255168378353,0.9989045262336731,7.393320560455322
