MSE Testing,MAE Testing,Correlation Testing,Lipschitz Bound
0.00025391511735506356,0.009073183871805668,0.9985330104827881,5.751980304718018
