MSE Testing,MAE Testing,Correlation Testing,Lipschitz Bound
0.00030677884933538735,0.009788447059690952,0.9982785582542419,2.789543390274048
