MSE Testing,MAE Testing,Correlation Testing,Lipschitz Bound
0.00031716955709271133,0.010469775646924973,0.9981781244277954,2.9213919639587402
