MSE Testing,MAE Testing,Correlation Testing,Lipschitz Bound
0.00032352263224311173,0.009950305335223675,0.9982007741928101,16.086769104003906
