MSE Testing,MAE Testing,Correlation Testing,Lipschitz Bound
0.00028151864535175264,0.00945443194359541,0.9983882308006287,3.2657716274261475
