MSE Testing,MAE Testing,Correlation Testing,Lipschitz Bound
0.000370183726772666,0.014254367910325527,0.9980886578559875,2.8615946769714355
