MSE Testing,MAE Testing,Correlation Testing,Lipschitz Bound
0.00029338811873458326,0.00974466186016798,0.9982942938804626,3.476731061935425
