MSE Testing,MAE Testing,Correlation Testing,Lipschitz Bound
0.0002989245986100286,0.007653743028640747,0.9983701109886169,45.88724136352539
