MSE Testing,MAE Testing,Correlation Testing,Lipschitz Bound
0.0002307606628164649,0.008762695826590061,0.9986516833305359,6.106966972351074
