MSE Testing,MAE Testing,Correlation Testing,Lipschitz Bound
0.0003041430900339037,0.009733814746141434,0.9982548356056213,3.016044855117798
