MSE Testing,MAE Testing,Correlation Testing,Lipschitz Bound
0.00022395879204850644,0.008616450242698193,0.9987289905548096,6.007160186767578
