MSE Testing,MAE Testing,Correlation Testing,Lipschitz Bound
0.00039604154881089926,0.008536852896213531,0.9978604912757874,36.680641174316406
