MSE Testing,MAE Testing,Correlation Testing,Lipschitz Bound
0.00025572802405804396,0.008936219848692417,0.9985308647155762,3.7734169960021973
