MSE Testing,MAE Testing,Correlation Testing,Lipschitz Bound
0.00020258041331544518,0.008164076134562492,0.998833417892456,7.499270439147949
