MSE Testing,MAE Testing,Correlation Testing,Lipschitz Bound
0.0003168272669427097,0.010229170322418213,0.9981885552406311,3.678840160369873
