MSE Testing,MAE Testing,Correlation Testing,Lipschitz Bound
0.00018188943795394152,0.00775790773332119,0.9989601969718933,5.874110698699951
