MSE Testing,MAE Testing,Correlation Testing,Lipschitz Bound
0.0002867686271201819,0.009498359635472298,0.9983404278755188,3.500187635421753
