MSE Testing,MAE Testing,Correlation Testing,Lipschitz Bound
0.0002643991610966623,0.008824653923511505,0.9984681606292725,3.969377040863037
