MSE Testing,MAE Testing,Correlation Testing,Lipschitz Bound
0.0002300063060829416,0.008418328128755093,0.9986536502838135,4.4271345138549805
