MSE Testing,MAE Testing,Correlation Testing,Lipschitz Bound
0.00015937353600747883,0.007043154910206795,0.9990782737731934,6.4494218826293945
