MSE Testing,MAE Testing,Correlation Testing,Lipschitz Bound
0.0002445210993755609,0.009081005118787289,0.9986096620559692,5.893888473510742
