MSE Testing,MAE Testing,Correlation Testing,Lipschitz Bound
0.00022691379126626998,0.008821453899145126,0.9986972212791443,5.746094703674316
