MSE Testing,MAE Testing,Correlation Testing,Lipschitz Bound
0.0002064975560642779,0.008215781301259995,0.9988171458244324,18.856901168823242
