MSE Testing,MAE Testing,Correlation Testing,Lipschitz Bound
0.00024239160120487213,0.008861053735017776,0.9986162185668945,5.42645263671875
