MSE Testing,MAE Testing,Correlation Testing,Lipschitz Bound
0.00027353415498510003,0.009234409779310226,0.9984521269798279,3.6142616271972656
