MSE Testing,MAE Testing,Correlation Testing,Lipschitz Bound
0.00029528996674343944,0.01075119897723198,0.998303234577179,3.4147872924804688
