MSE Testing,MAE Testing,Correlation Testing,Lipschitz Bound
0.0002375896438024938,0.008818668313324451,0.9986376166343689,4.302103519439697
