MSE Testing,MAE Testing,Correlation Testing,Lipschitz Bound
0.0002921700943261385,0.009758858010172844,0.9983153343200684,3.184997320175171
