MSE Testing,MAE Testing,Correlation Testing,Lipschitz Bound
0.00018375094805378467,0.007386794779449701,0.9989462494850159,9.194056510925293
