MSE Testing,MAE Testing,Correlation Testing,Lipschitz Bound
0.0003100716567132622,0.009833250194787979,0.9982225298881531,2.8392744064331055
