MSE Testing,MAE Testing,Correlation Testing,Lipschitz Bound
0.00029705275665037334,0.00968110654503107,0.9983204007148743,3.4813876152038574
