MSE Testing,MAE Testing,Correlation Testing,Lipschitz Bound
0.0003066018980462104,0.009741130284965038,0.9982389807701111,3.6898131370544434
