MSE Testing,MAE Testing,Correlation Testing,Lipschitz Bound
0.00018102712056133896,0.007653569802641869,0.9989548921585083,8.394777297973633
