MSE Testing,MAE Testing,Correlation Testing,Lipschitz Bound
0.00026311908732168376,0.009281296283006668,0.9984946846961975,3.4290928840637207
