MSE Testing,MAE Testing,Correlation Testing,Lipschitz Bound
0.0014543912839144468,0.018303869292140007,0.9924129247665405,34.99478530883789
