MSE Testing,MAE Testing,Correlation Testing,Lipschitz Bound
0.00031139448401518166,0.009371296502649784,0.998205304145813,3.1949462890625
