MSE Testing,MAE Testing,Correlation Testing,Lipschitz Bound
0.000326279696309939,0.01055554673075676,0.9981263279914856,3.0347824096679688
