MSE Testing,MAE Testing,Correlation Testing,Lipschitz Bound
0.00040697382064536214,0.014818951487541199,0.9986029863357544,4.791240215301514
