MSE Testing,MAE Testing,Correlation Testing,Lipschitz Bound
0.000293651653919369,0.009618088603019714,0.9983476400375366,3.366776704788208
