MSE Testing,MAE Testing,Correlation Testing,Lipschitz Bound
0.00027558792498894036,0.00930947344750166,0.9984091520309448,3.885146379470825
