MSE Testing,MAE Testing,Correlation Testing,Lipschitz Bound
0.002779918722808361,0.02416965365409851,0.985156774520874,39.53216552734375
