MSE Testing,MAE Testing,Correlation Testing,Lipschitz Bound
0.0003248937427997589,0.009792338125407696,0.9981505870819092,3.3872952461242676
