MSE Testing,MAE Testing,Correlation Testing,Lipschitz Bound
0.00024773666518740356,0.009516540914773941,0.998650848865509,6.442135334014893
