MSE Testing,MAE Testing,Correlation Testing,Lipschitz Bound
0.0003446127229835838,0.010652842000126839,0.998060405254364,3.113673210144043
