MSE Testing,MAE Testing,Correlation Testing,Lipschitz Bound
0.00024291536828968674,0.00892287865281105,0.9986003041267395,5.511815547943115
