MSE Testing,MAE Testing,Correlation Testing,Lipschitz Bound
0.00025731915957294405,0.00947644654661417,0.9985264539718628,5.7039947509765625
