MSE Testing,MAE Testing,Correlation Testing,Lipschitz Bound
0.00029483044636435807,0.009610258974134922,0.998306393623352,3.8516781330108643
