MSE Testing,MAE Testing,Correlation Testing,Lipschitz Bound
0.00022177239588927478,0.008550958707928658,0.9987263083457947,6.390537738800049
