MSE Testing,MAE Testing,Correlation Testing,Lipschitz Bound
0.00031214181217364967,0.01007658801972866,0.9982509016990662,3.336730480194092
