MSE Testing,MAE Testing,Correlation Testing,Lipschitz Bound
0.0009505245834589005,0.014299134723842144,0.9949740767478943,41.493995666503906
