MSE Testing,MAE Testing,Correlation Testing,Lipschitz Bound
0.000308799440972507,0.009813894517719746,0.9982181191444397,3.0979764461517334
