MSE Testing,MAE Testing,Correlation Testing,Lipschitz Bound
0.00017496464715804905,0.007459334097802639,0.9989814758300781,7.908291339874268
