MSE Testing,MAE Testing,Correlation Testing,Lipschitz Bound
0.0002995736140292138,0.009557013399899006,0.9982860684394836,3.3187599182128906
