MSE Testing,MAE Testing,Correlation Testing,Lipschitz Bound
0.00021087279310449958,0.008339367806911469,0.9987909197807312,6.963417053222656
