MSE Testing,MAE Testing,Correlation Testing,Lipschitz Bound
0.00019414059352129698,0.008246105164289474,0.9989230036735535,9.929551124572754
