MSE Testing,MAE Testing,Correlation Testing,Lipschitz Bound
0.0003249867004342377,0.011938724666833878,0.9981620907783508,3.150480031967163
