MSE Testing,MAE Testing,Correlation Testing,Lipschitz Bound
0.00021692160225939006,0.006851287558674812,0.998794674873352,36.39344787597656
