MSE Testing,MAE Testing,Correlation Testing,Lipschitz Bound
0.0002298694453202188,0.008733570575714111,0.9986686706542969,5.128035068511963
