MSE Testing,MAE Testing,Correlation Testing,Lipschitz Bound
0.0002527604519855231,0.008662926964461803,0.998557448387146,4.160504341125488
