MSE Testing,MAE Testing,Correlation Testing,Lipschitz Bound
0.0002994429087266326,0.011711263097822666,0.9983254075050354,3.5348198413848877
