MSE Testing,MAE Testing,Correlation Testing,Lipschitz Bound
0.0003356113447807729,0.01005284208804369,0.9981028437614441,3.2115941047668457
