MSE Testing,MAE Testing,Correlation Testing,Lipschitz Bound
0.00017897611542139202,0.007660682313144207,0.9989638924598694,9.754165649414062
