MSE Testing,MAE Testing,Correlation Testing,Lipschitz Bound
0.00023772509302943945,0.008821232244372368,0.9986237287521362,4.660373210906982
