MSE Testing,MAE Testing,Correlation Testing,Lipschitz Bound
0.0002288370451424271,0.009075167588889599,0.998689591884613,9.92624568939209
