MSE Testing,MAE Testing,Correlation Testing,Lipschitz Bound
0.00016119641077239066,0.0074160234071314335,0.9990862011909485,16.073535919189453
