MSE Testing,MAE Testing,Correlation Testing,Lipschitz Bound
0.0002960209676530212,0.00981186330318451,0.9983577728271484,3.7031984329223633
