MSE Testing,MAE Testing,Correlation Testing,Lipschitz Bound
0.00030501713627018034,0.009913308545947075,0.998262345790863,3.369699478149414
