MSE Testing,MAE Testing,Correlation Testing,Lipschitz Bound
0.0002157839626306668,0.008158006705343723,0.9987367987632751,5.213799476623535
