MSE Testing,MAE Testing,Correlation Testing,Lipschitz Bound
0.00042945778113789856,0.009513125754892826,0.9975953698158264,38.222198486328125
