MSE Testing,MAE Testing,Correlation Testing,Lipschitz Bound
0.0002515809319447726,0.009920010343194008,0.9985719323158264,4.465769290924072
