MSE Testing,MAE Testing,Correlation Testing,Lipschitz Bound
0.00025020173052325845,0.008714497089385986,0.9985753297805786,4.801929950714111
