MSE Testing,MAE Testing,Correlation Testing,Lipschitz Bound
0.0003061679599341005,0.009780112653970718,0.9982290267944336,2.880234718322754
