MSE Testing,MAE Testing,Correlation Testing,Lipschitz Bound
0.00020511771435849369,0.008045392110943794,0.998813271522522,6.311266899108887
