MSE Testing,MAE Testing,Correlation Testing,Lipschitz Bound
0.0003420815628487617,0.011537292040884495,0.9980398416519165,3.297213077545166
