MSE Testing,MAE Testing,Correlation Testing,Lipschitz Bound
0.00023277549189515412,0.00884365662932396,0.9986684322357178,4.521669864654541
