MSE Testing,MAE Testing,Correlation Testing,Lipschitz Bound
0.0003039084258489311,0.009985044598579407,0.9982921481132507,3.501628875732422
