MSE Testing,MAE Testing,Correlation Testing,Lipschitz Bound
0.0003442709567025304,0.010239867493510246,0.9980143308639526,2.6998136043548584
