MSE Testing,MAE Testing,Correlation Testing,Lipschitz Bound
0.00019407103536650538,0.007730931043624878,0.9988837242126465,11.159356117248535
