MSE Testing,MAE Testing,Correlation Testing,Lipschitz Bound
0.00030485098250210285,0.010042605921626091,0.9982447624206543,2.9076271057128906
