MSE Testing,MAE Testing,Correlation Testing,Lipschitz Bound
0.0002914767828769982,0.009449193254113197,0.9983193278312683,3.4226160049438477
