MSE Testing,MAE Testing,Correlation Testing,Lipschitz Bound
0.00019565386173781008,0.008017592132091522,0.99887615442276,9.532140731811523
