MSE Testing,MAE Testing,Correlation Testing,Lipschitz Bound
0.00022481285850517452,0.008684472180902958,0.9987086057662964,4.920527458190918
