MSE Testing,MAE Testing,Correlation Testing,Lipschitz Bound
0.0002487212186679244,0.009956805035471916,0.9985768795013428,4.984799385070801
