MSE Testing,MAE Testing,Correlation Testing,Lipschitz Bound
0.0003016242990270257,0.009502796456217766,0.9983119368553162,3.2974958419799805
