MSE Testing,MAE Testing,Correlation Testing,Lipschitz Bound
0.00027573489933274686,0.00928007997572422,0.9984340667724609,3.293886423110962
