MSE Testing,MAE Testing,Correlation Testing,Lipschitz Bound
0.0002287729730596766,0.008539612405002117,0.998725175857544,13.614624977111816
