MSE Testing,MAE Testing,Correlation Testing,Lipschitz Bound
0.00022373980027623475,0.00859594251960516,0.9987093806266785,10.306504249572754
