MSE Testing,MAE Testing,Correlation Testing,Lipschitz Bound
0.0003566584491636604,0.014292601495981216,0.9982155561447144,3.665769577026367
