MSE Testing,MAE Testing,Correlation Testing,Lipschitz Bound
0.00030134597909636796,0.00958503782749176,0.9982422590255737,3.9755353927612305
