MSE Testing,MAE Testing,Correlation Testing,Lipschitz Bound
0.00026732668629847467,0.009085087105631828,0.9984508156776428,4.830001354217529
