MSE Testing,MAE Testing,Correlation Testing,Lipschitz Bound
0.00022099130728747696,0.007958227768540382,0.9987322688102722,5.706545352935791
