MSE Testing,MAE Testing,Correlation Testing,Lipschitz Bound
0.00027940142899751663,0.009369809180498123,0.998417317867279,3.535930633544922
