MSE Testing,MAE Testing,Correlation Testing,Lipschitz Bound
0.00033890470513142645,0.01015481073409319,0.9980747699737549,3.1874001026153564
