MSE Testing,MAE Testing,Correlation Testing,Lipschitz Bound
0.00020093000784981996,0.007932066917419434,0.998826801776886,5.636744976043701
