MSE Testing,MAE Testing,Correlation Testing,Lipschitz Bound
0.00025920322514139116,0.00869366992264986,0.9984895586967468,5.037772178649902
