MSE Testing,MAE Testing,Correlation Testing,Lipschitz Bound
0.0001579473027959466,0.007433953229337931,0.9990983009338379,6.360137462615967
