MSE Testing,MAE Testing,Correlation Testing,Lipschitz Bound
0.00021496423869393766,0.008505984209477901,0.9988028407096863,6.7632341384887695
