MSE Testing,MAE Testing,Correlation Testing,Lipschitz Bound
0.00023417366901412606,0.008846867829561234,0.9986441135406494,5.876914978027344
