MSE Testing,MAE Testing,Correlation Testing,Lipschitz Bound
0.00034944916842505336,0.012104839086532593,0.9986326694488525,3.7898688316345215
