MSE Testing,MAE Testing,Correlation Testing,Lipschitz Bound
0.00024135429703164846,0.008786085061728954,0.9986194372177124,10.219560623168945
