MSE Testing,MAE Testing,Correlation Testing,Lipschitz Bound
0.0001884986413642764,0.008088767528533936,0.998937726020813,8.553718566894531
