MSE Testing,MAE Testing,Correlation Testing,Lipschitz Bound
0.00017562389257363975,0.006945576518774033,0.9990062713623047,16.702672958374023
