MSE Testing,MAE Testing,Correlation Testing,Lipschitz Bound
0.00020143167057540268,0.008410962298512459,0.9988555908203125,10.546540260314941
