MSE Testing,MAE Testing,Correlation Testing,Lipschitz Bound
0.0001624281139811501,0.007320344913750887,0.9990786910057068,12.759154319763184
