MSE Testing,MAE Testing,Correlation Testing,Lipschitz Bound
0.00028393114916980267,0.009318145923316479,0.9983360171318054,3.0610194206237793
