MSE Testing,MAE Testing,Correlation Testing,Lipschitz Bound
0.0001639120455365628,0.0070577883161604404,0.9990660548210144,13.712273597717285
