MSE Testing,MAE Testing,Correlation Testing,Lipschitz Bound
0.00029856941546313465,0.009889207780361176,0.9983360171318054,4.073451042175293
