MSE Testing,MAE Testing,Correlation Testing,Lipschitz Bound
0.0003150383708998561,0.009919815696775913,0.998164713382721,3.5553064346313477
