MSE Testing,MAE Testing,Correlation Testing,Lipschitz Bound
0.0002983063168358058,0.01035227719694376,0.9985448122024536,3.997612953186035
