MSE Testing,MAE Testing,Correlation Testing,Lipschitz Bound
0.00023118969693314284,0.008722045458853245,0.9986740946769714,4.479858875274658
