MSE Testing,MAE Testing,Correlation Testing,Lipschitz Bound
0.000309823895804584,0.010102164931595325,0.9982229471206665,3.8380720615386963
