MSE Testing,MAE Testing,Correlation Testing,Lipschitz Bound
0.00024099786242004484,0.009015965275466442,0.9986072182655334,5.5075764656066895
