MSE Testing,MAE Testing,Correlation Testing,Lipschitz Bound
0.00016542020603083074,0.007762945722788572,0.999045193195343,8.559892654418945
