MSE Testing,MAE Testing,Correlation Testing,Lipschitz Bound
0.0002591241500340402,0.009359767660498619,0.9984939694404602,4.600654602050781
