MSE Testing,MAE Testing,Correlation Testing,Lipschitz Bound
0.0002762689546216279,0.009326254017651081,0.9984471797943115,4.979151725769043
