MSE Testing,MAE Testing,Correlation Testing,Lipschitz Bound
0.00023821792274247855,0.011486129835247993,0.999000608921051,23.969188690185547
