MSE Testing,MAE Testing,Correlation Testing,Lipschitz Bound
0.00022379781876225024,0.008591067045927048,0.9987066984176636,12.305718421936035
