MSE Testing,MAE Testing,Correlation Testing,Lipschitz Bound
0.00020205315377097577,0.008490355685353279,0.9988285899162292,5.709291458129883
