MSE Testing,MAE Testing,Correlation Testing,Lipschitz Bound
0.00021124606428202242,0.009523131884634495,0.9988147616386414,6.721493721008301
