MSE Testing,MAE Testing,Correlation Testing,Lipschitz Bound
0.00022638832160737365,0.008683583699166775,0.9986981749534607,4.64822244644165
