MSE Testing,MAE Testing,Correlation Testing,Lipschitz Bound
0.000209059493499808,0.00807986967265606,0.9987851977348328,4.987724781036377
