MSE Testing,MAE Testing,Correlation Testing,Lipschitz Bound
0.00012964633060619235,0.006440658587962389,0.9992498159408569,9.256624221801758
