MSE Testing,MAE Testing,Correlation Testing,Lipschitz Bound
0.0002215503918705508,0.008228608407080173,0.9987345337867737,8.261548042297363
