MSE Testing,MAE Testing,Correlation Testing,Lipschitz Bound
0.00017289002425968647,0.007668090518563986,0.9990267157554626,11.306320190429688
