MSE Testing,MAE Testing,Correlation Testing,Lipschitz Bound
0.0003227090055588633,0.010436603799462318,0.998272716999054,3.6746151447296143
