MSE Testing,MAE Testing,Correlation Testing,Lipschitz Bound
0.00022044131765142083,0.008251385763287544,0.9987174868583679,5.772183895111084
