MSE Testing,MAE Testing,Correlation Testing,Lipschitz Bound
0.00029368375544436276,0.009968774393200874,0.9983008503913879,3.248744487762451
