MSE Testing,MAE Testing,Correlation Testing,Lipschitz Bound
0.00033532732049934566,0.010674736462533474,0.998094379901886,3.4910902976989746
