MSE Testing,MAE Testing,Correlation Testing,Lipschitz Bound
0.00022980729409027845,0.008728992193937302,0.9986716508865356,10.399993896484375
