MSE Testing,MAE Testing,Correlation Testing,Lipschitz Bound
0.0003187754191458225,0.009589445777237415,0.9981681704521179,2.938398838043213
