MSE Testing,MAE Testing,Correlation Testing,Lipschitz Bound
0.0003053739492315799,0.009380673989653587,0.9982423782348633,3.1982364654541016
