MSE Testing,MAE Testing,Correlation Testing,Lipschitz Bound
0.00028924416983500123,0.009547562338411808,0.9983601570129395,3.4516446590423584
