MSE Testing,MAE Testing,Correlation Testing,Lipschitz Bound
0.00023543361749034375,0.008379648439586163,0.9986570477485657,7.00339412689209
