MSE Testing,MAE Testing,Correlation Testing,Lipschitz Bound
0.00025453275884501636,0.00860714539885521,0.9985218048095703,4.3111371994018555
