MSE Testing,MAE Testing,Correlation Testing,Lipschitz Bound
0.00016472888819407672,0.007222459185868502,0.9990758299827576,13.650794982910156
