MSE Testing,MAE Testing,Correlation Testing,Lipschitz Bound
0.0001844367361627519,0.007653767243027687,0.9989397525787354,10.963788986206055
