MSE Testing,MAE Testing,Correlation Testing,Lipschitz Bound
0.0010539944050833583,0.016335504129529,0.9945513010025024,37.490234375
