MSE Testing,MAE Testing,Correlation Testing,Lipschitz Bound
0.0003020015428774059,0.009822324849665165,0.9982997179031372,13.129849433898926
