MSE Testing,MAE Testing,Correlation Testing,Lipschitz Bound
0.00020534252689685673,0.007141041103750467,0.9988659620285034,38.88661575317383
