MSE Testing,MAE Testing,Correlation Testing,Lipschitz Bound
0.00029473070753738284,0.00922173261642456,0.9983014464378357,3.511591911315918
