MSE Testing,MAE Testing,Correlation Testing,Lipschitz Bound
0.0002886004513129592,0.009680874645709991,0.9983190298080444,3.666877269744873
