MSE Testing,MAE Testing,Correlation Testing,Lipschitz Bound
0.000323372456477955,0.010532855056226254,0.9984133839607239,3.555020332336426
