MSE Testing,MAE Testing,Correlation Testing,Lipschitz Bound
0.00022616448404733092,0.008629169315099716,0.9987080097198486,5.951720714569092
