MSE Testing,MAE Testing,Correlation Testing,Lipschitz Bound
0.00019751589570660144,0.007942799478769302,0.9988751411437988,8.67438793182373
