MSE Testing,MAE Testing,Correlation Testing,Lipschitz Bound
0.00035702658351510763,0.013081656768918037,0.9984977841377258,5.762868404388428
