MSE Testing,MAE Testing,Correlation Testing,Lipschitz Bound
0.0002483343705534935,0.008877784945070744,0.9985855221748352,4.046232223510742
