MSE Testing,MAE Testing,Correlation Testing,Lipschitz Bound
0.0002381380763836205,0.008800859563052654,0.9986211657524109,4.378426551818848
