MSE Testing,MAE Testing,Correlation Testing,Lipschitz Bound
0.00022678666573483497,0.008297822438180447,0.9987220764160156,5.855663776397705
