MSE Testing,MAE Testing,Correlation Testing,Lipschitz Bound
0.0001658741821302101,0.0074637033976614475,0.999069333076477,18.596595764160156
