MSE Testing,MAE Testing,Correlation Testing,Lipschitz Bound
0.00023669986694585532,0.00857482012361288,0.9986261129379272,6.567771911621094
