MSE Testing,MAE Testing,Correlation Testing,Lipschitz Bound
0.0002970614586956799,0.009702274575829506,0.9983159899711609,3.3758561611175537
