MSE Testing,MAE Testing,Correlation Testing,Lipschitz Bound
0.00029857171466574073,0.009611023589968681,0.9982705116271973,2.9785282611846924
