MSE Testing,MAE Testing,Correlation Testing,Lipschitz Bound
0.0002443473204039037,0.008755768649280071,0.9986065626144409,3.7149899005889893
