MSE Testing,MAE Testing,Correlation Testing,Lipschitz Bound
0.00028898543678224087,0.00958011019974947,0.9983646869659424,3.729586124420166
