MSE Testing,MAE Testing,Correlation Testing,Lipschitz Bound
0.0002573289384599775,0.00958956778049469,0.9985079169273376,5.154285907745361
