MSE Testing,MAE Testing,Correlation Testing,Lipschitz Bound
0.00021867848408874124,0.008532265201210976,0.998759388923645,7.753636360168457
