MSE Testing,MAE Testing,Correlation Testing,Lipschitz Bound
0.00023920508101582527,0.008768406696617603,0.9986255168914795,4.187690258026123
