MSE Testing,MAE Testing,Correlation Testing,Lipschitz Bound
0.00019262525893282145,0.007927088998258114,0.9989038705825806,8.284289360046387
