MSE Testing,MAE Testing,Correlation Testing,Lipschitz Bound
0.00027982372557744384,0.010402717627584934,0.9984101057052612,3.4005138874053955
