MSE Testing,MAE Testing,Correlation Testing,Lipschitz Bound
0.00020347608369775116,0.00825158879160881,0.9988546371459961,7.7962517738342285
