MSE Testing,MAE Testing,Correlation Testing,Lipschitz Bound
0.00024930224753916264,0.009022782556712627,0.9985505938529968,7.510263919830322
