MSE Testing,MAE Testing,Correlation Testing,Lipschitz Bound
0.0003387925389688462,0.010925519280135632,0.9982500076293945,39.1472282409668
