MSE Testing,MAE Testing,Correlation Testing,Lipschitz Bound
0.00029057523352093995,0.009274499490857124,0.9983497858047485,3.487980604171753
