MSE Testing,MAE Testing,Correlation Testing,Lipschitz Bound
0.00020523885905276984,0.00798848643898964,0.9988438487052917,41.82510757446289
