MSE Testing,MAE Testing,Correlation Testing,Lipschitz Bound
0.0002401660312898457,0.008831883780658245,0.9986350536346436,4.367760181427002
