MSE Testing,MAE Testing,Correlation Testing,Lipschitz Bound
0.00036021354026161134,0.011827390640974045,0.9983144998550415,3.1911234855651855
