MSE Testing,MAE Testing,Correlation Testing,Lipschitz Bound
0.0002210875682067126,0.008397411555051804,0.9987297058105469,4.168650150299072
