MSE Testing,MAE Testing,Correlation Testing,Lipschitz Bound
0.0008328096591867507,0.0101579949259758,0.9953784942626953,41.702667236328125
