MSE Testing,MAE Testing,Correlation Testing,Lipschitz Bound
0.00020776352903340012,0.008120921440422535,0.9987948536872864,6.448984146118164
