MSE Testing,MAE Testing,Correlation Testing,Lipschitz Bound
0.0002419656520942226,0.00919068232178688,0.9985897541046143,5.972064018249512
