MSE Testing,MAE Testing,Correlation Testing,Lipschitz Bound
0.0002747942344285548,0.00933136697858572,0.9983983039855957,4.017332077026367
