MSE Testing,MAE Testing,Correlation Testing,Lipschitz Bound
0.0002350918366573751,0.008501407690346241,0.9986488223075867,5.341890811920166
