MSE Testing,MAE Testing,Correlation Testing,Lipschitz Bound
0.00017230525554623455,0.006641504820436239,0.9990462064743042,25.513885498046875
