MSE Testing,MAE Testing,Correlation Testing,Lipschitz Bound
0.0003191286523360759,0.010148048400878906,0.998174250125885,3.16170334815979
