MSE Testing,MAE Testing,Correlation Testing,Lipschitz Bound
0.0001563641126267612,0.006366949528455734,0.9991128444671631,18.76097297668457
