MSE Testing,MAE Testing,Correlation Testing,Lipschitz Bound
0.00024098831636365503,0.008578100241720676,0.9986289739608765,4.9928507804870605
