MSE Testing,MAE Testing,Correlation Testing,Lipschitz Bound
0.00022336089750751853,0.008694639429450035,0.9987037777900696,4.822226524353027
