MSE Testing,MAE Testing,Correlation Testing,Lipschitz Bound
0.0018638928886502981,0.023162497207522392,0.991036057472229,38.5926628112793
