MSE Testing,MAE Testing,Correlation Testing,Lipschitz Bound
0.00019771007646340877,0.008238348178565502,0.9988734722137451,11.215888977050781
