MSE Testing,MAE Testing,Correlation Testing,Lipschitz Bound
0.0002537131367716938,0.008872024714946747,0.998549222946167,3.9070723056793213
