MSE Testing,MAE Testing,Correlation Testing,Lipschitz Bound
0.0002539939305279404,0.00883509498089552,0.998534619808197,4.9659743309021
