MSE Testing,MAE Testing,Correlation Testing,Lipschitz Bound
0.0002698389580473304,0.009225230664014816,0.9985050559043884,3.475731134414673
