MSE Testing,MAE Testing,Correlation Testing,Lipschitz Bound
0.00028786881011910737,0.00964531023055315,0.9983383417129517,3.350020170211792
