MSE Testing,MAE Testing,Correlation Testing,Lipschitz Bound
0.0002390398149145767,0.00862868968397379,0.9986259341239929,5.5044474601745605
