MSE Testing,MAE Testing,Correlation Testing,Lipschitz Bound
0.00025287066819146276,0.008833754807710648,0.9985322952270508,5.739704608917236
