MSE Testing,MAE Testing,Correlation Testing,Lipschitz Bound
0.0015496169216930866,0.018630312755703926,0.9916814565658569,35.985538482666016
