MSE Testing,MAE Testing,Correlation Testing,Lipschitz Bound
0.0002002782712224871,0.008129973895847797,0.9988435506820679,8.245946884155273
