MSE Testing,MAE Testing,Correlation Testing,Lipschitz Bound
0.00024485585163347423,0.008766158483922482,0.9986655712127686,17.988170623779297
