MSE Testing,MAE Testing,Correlation Testing,Lipschitz Bound
0.00024296905030496418,0.00882438663393259,0.9985931515693665,8.09404182434082
