MSE Testing,MAE Testing,Correlation Testing,Lipschitz Bound
0.00032608650508336723,0.010214698500931263,0.9982907772064209,2.937124013900757
