MSE Testing,MAE Testing,Correlation Testing,Lipschitz Bound
0.00023083561973180622,0.00880854669958353,0.998672366142273,5.350035667419434
