MSE Testing,MAE Testing,Correlation Testing,Lipschitz Bound
0.00031239772215485573,0.010034730657935143,0.9982365369796753,3.0746302604675293
