MSE Testing,MAE Testing,Correlation Testing,Lipschitz Bound
0.00028360553551465273,0.009425530210137367,0.9983566403388977,3.745858907699585
