MSE Testing,MAE Testing,Correlation Testing,Lipschitz Bound
0.00023271552345249802,0.008546188473701477,0.9987037181854248,4.821561813354492
