MSE Testing,MAE Testing,Correlation Testing,Lipschitz Bound
0.00028429002850316465,0.00956156849861145,0.9983558058738708,3.5671029090881348
