MSE Testing,MAE Testing,Correlation Testing,Lipschitz Bound
0.00021854449005331844,0.00832609087228775,0.9987339973449707,8.678126335144043
