MSE Testing,MAE Testing,Correlation Testing,Lipschitz Bound
0.00024303840473294258,0.008733418770134449,0.9985969066619873,7.843988418579102
