MSE Testing,MAE Testing,Correlation Testing,Lipschitz Bound
0.00030925817554816604,0.01125337090343237,0.9982327222824097,3.8671278953552246
