MSE Testing,MAE Testing,Correlation Testing,Lipschitz Bound
0.00033942642039619386,0.010176095180213451,0.9980547428131104,3.0153234004974365
