MSE Testing,MAE Testing,Correlation Testing,Lipschitz Bound
0.0002892409102059901,0.011485222727060318,0.998406708240509,3.933736801147461
