MSE Testing,MAE Testing,Correlation Testing,Lipschitz Bound
0.0013890417758375406,0.016852829605340958,0.992554247379303,40.938262939453125
