MSE Testing,MAE Testing,Correlation Testing,Lipschitz Bound
0.00030879545374773443,0.012659736908972263,0.9983991980552673,5.867197513580322
