MSE Testing,MAE Testing,Correlation Testing,Lipschitz Bound
0.00031668011797592044,0.0103333480656147,0.9983055591583252,3.2625272274017334
