MSE Testing,MAE Testing,Correlation Testing,Lipschitz Bound
0.0002571825170889497,0.009023487567901611,0.9985175132751465,5.379691123962402
