MSE Testing,MAE Testing,Correlation Testing,Lipschitz Bound
0.00021863992151338607,0.008535311557352543,0.9987572431564331,5.304675102233887
