MSE Testing,MAE Testing,Correlation Testing,Lipschitz Bound
0.0019749035127460957,0.02053224667906761,0.9892910122871399,40.17601013183594
