MSE Testing,MAE Testing,Correlation Testing,Lipschitz Bound
0.00031633017351850867,0.009474378079175949,0.9981821775436401,3.0752954483032227
