MSE Testing,MAE Testing,Correlation Testing,Lipschitz Bound
0.00037117107422091067,0.013768372125923634,0.9980406761169434,3.0396361351013184
