MSE Testing,MAE Testing,Correlation Testing,Lipschitz Bound
0.0002740497002378106,0.009200620464980602,0.998408854007721,4.724376201629639
