MSE Testing,MAE Testing,Correlation Testing,Lipschitz Bound
0.00030285431421361864,0.009790763258934021,0.9982962012290955,3.282527208328247
