MSE Testing,MAE Testing,Correlation Testing,Lipschitz Bound
0.0003076956490986049,0.009491692297160625,0.9982399344444275,2.890636682510376
