MSE Testing,MAE Testing,Correlation Testing,Lipschitz Bound
0.00027826891164295375,0.009432239457964897,0.9983909726142883,4.416782855987549
