MSE Testing,MAE Testing,Correlation Testing,Lipschitz Bound
0.00022507720859721303,0.00806318037211895,0.9987183809280396,5.438141822814941
