MSE Testing,MAE Testing,Correlation Testing,Lipschitz Bound
0.00022403783805202693,0.008639294654130936,0.9987030625343323,5.417214393615723
