MSE Testing,MAE Testing,Correlation Testing,Lipschitz Bound
0.00028716109227389097,0.009286923334002495,0.9983698129653931,3.5957634449005127
