MSE Testing,MAE Testing,Correlation Testing,Lipschitz Bound
0.0002243658236693591,0.008440216071903706,0.9987161159515381,4.637815475463867
