MSE Testing,MAE Testing,Correlation Testing,Lipschitz Bound
0.0003063115873374045,0.010771145112812519,0.9984352588653564,3.4472410678863525
