MSE Testing,MAE Testing,Correlation Testing,Lipschitz Bound
0.00027424664585851133,0.009315738454461098,0.9984419345855713,3.6151089668273926
