MSE Testing,MAE Testing,Correlation Testing,Lipschitz Bound
0.0003394898376427591,0.011133908294141293,0.9980783462524414,3.0594067573547363
