MSE Testing,MAE Testing,Correlation Testing,Lipschitz Bound
0.0002434185444144532,0.008526141755282879,0.9985941648483276,4.311300754547119
