MSE Testing,MAE Testing,Correlation Testing,Lipschitz Bound
0.0002455728536006063,0.00884083192795515,0.9985828399658203,3.90626859664917
