MSE Testing,MAE Testing,Correlation Testing,Lipschitz Bound
0.00022903882199898362,0.008715075440704823,0.9986813068389893,4.037655353546143
