MSE Testing,MAE Testing,Correlation Testing,Lipschitz Bound
0.000297144113574177,0.00968100130558014,0.9983260035514832,3.338592529296875
