MSE Testing,MAE Testing,Correlation Testing,Lipschitz Bound
0.0003009246429428458,0.009605415165424347,0.9982795715332031,3.0673980712890625
