MSE Testing,MAE Testing,Correlation Testing,Lipschitz Bound
0.00019329547649249434,0.00787451583892107,0.9988840818405151,5.2603020668029785
