MSE Testing,MAE Testing,Correlation Testing,Lipschitz Bound
0.00024028054031077772,0.008586551062762737,0.9986286759376526,5.072137832641602
