MSE Testing,MAE Testing,Correlation Testing,Lipschitz Bound
0.0002608868235256523,0.009214560501277447,0.9985490441322327,4.264209270477295
