MSE Testing,MAE Testing,Correlation Testing,Lipschitz Bound
0.00024370395112782717,0.008861514739692211,0.9986076951026917,4.148745536804199
