MSE Testing,MAE Testing,Correlation Testing,Lipschitz Bound
0.0002823111426550895,0.009312035515904427,0.9983736276626587,3.3762636184692383
