MSE Testing,MAE Testing,Correlation Testing,Lipschitz Bound
0.0001755481498548761,0.007535596843808889,0.9989668726921082,8.900712966918945
