MSE Testing,MAE Testing,Correlation Testing,Lipschitz Bound
0.0002874370838981122,0.009273386560380459,0.9983094930648804,4.498718738555908
