MSE Testing,MAE Testing,Correlation Testing,Lipschitz Bound
0.0005513976793736219,0.02078818529844284,0.9981826543807983,4.6688642501831055
