MSE Testing,MAE Testing,Correlation Testing,Lipschitz Bound
0.000320556981023401,0.010011899285018444,0.9981632232666016,3.165541410446167
