MSE Testing,MAE Testing,Correlation Testing,Lipschitz Bound
0.00026611934299580753,0.009236793033778667,0.9984582662582397,3.812544584274292
