MSE Testing,MAE Testing,Correlation Testing,Lipschitz Bound
0.00027122683241032064,0.00973826739937067,0.9985493421554565,13.527697563171387
