MSE Testing,MAE Testing,Correlation Testing,Lipschitz Bound
0.00030197150772437453,0.009827552363276482,0.9982743263244629,3.1904234886169434
