MSE Testing,MAE Testing,Correlation Testing,Lipschitz Bound
0.00028776907129213214,0.009174587205052376,0.9983655214309692,3.8036766052246094
