MSE Testing,MAE Testing,Correlation Testing,Lipschitz Bound
0.00031103065703064203,0.00969651062041521,0.998241126537323,3.1913411617279053
