MSE Testing,MAE Testing,Correlation Testing,Lipschitz Bound
0.0002410876186331734,0.008038206957280636,0.998626708984375,21.825042724609375
