MSE Testing,MAE Testing,Correlation Testing,Lipschitz Bound
0.00023043154214974493,0.00792721752077341,0.998676061630249,13.252433776855469
