MSE Testing,MAE Testing,Correlation Testing,Lipschitz Bound
0.00032623964943923056,0.010096567682921886,0.9981173276901245,3.2205145359039307
