MSE Testing,MAE Testing,Correlation Testing,Lipschitz Bound
0.00017431490414310247,0.007002326659858227,0.9990119934082031,13.584650993347168
