MSE Testing,MAE Testing,Correlation Testing,Lipschitz Bound
0.00028931864653714,0.009405896067619324,0.9983254075050354,3.140439987182617
