MSE Testing,MAE Testing,Correlation Testing,Lipschitz Bound
0.00030271822470240295,0.00968111865222454,0.9982638359069824,3.0772595405578613
