MSE Testing,MAE Testing,Correlation Testing,Lipschitz Bound
0.0003373197396285832,0.010402685031294823,0.998063862323761,3.2020227909088135
