MSE Testing,MAE Testing,Correlation Testing,Lipschitz Bound
0.00027580148889683187,0.009161652997136116,0.998394787311554,3.567713737487793
