MSE Testing,MAE Testing,Correlation Testing,Lipschitz Bound
0.00019874883582815528,0.008174681104719639,0.9988643527030945,4.7155537605285645
