MSE Testing,MAE Testing,Correlation Testing,Lipschitz Bound
0.00021322390239220113,0.008581466041505337,0.9987975358963013,7.449573993682861
