MSE Testing,MAE Testing,Correlation Testing,Lipschitz Bound
0.00037185774999670684,0.013724411837756634,0.9986424446105957,4.200163841247559
