MSE Testing,MAE Testing,Correlation Testing,Lipschitz Bound
0.0002801390364766121,0.009172697551548481,0.9984163641929626,4.95673942565918
