MSE Testing,MAE Testing,Correlation Testing,Lipschitz Bound
0.00020349993428681046,0.008367445319890976,0.9988206624984741,5.283667087554932
