MSE Testing,MAE Testing,Correlation Testing,Lipschitz Bound
0.00027522307937033474,0.00927167572081089,0.9984127879142761,4.261335849761963
