MSE Testing,MAE Testing,Correlation Testing,Lipschitz Bound
0.00031322610448114574,0.01016777753829956,0.998205304145813,3.7543323040008545
