MSE Testing,MAE Testing,Correlation Testing,Lipschitz Bound
0.0002487155143171549,0.009074976667761803,0.9985479116439819,5.323366641998291
