MSE Testing,MAE Testing,Correlation Testing,Lipschitz Bound
0.00025515223387628794,0.008938517421483994,0.9985432028770447,3.6566483974456787
