MSE Testing,MAE Testing,Correlation Testing,Lipschitz Bound
0.00020135371596552432,0.008219223469495773,0.9988412261009216,8.420242309570312
