MSE Testing,MAE Testing,Correlation Testing,Lipschitz Bound
0.0002917964302469045,0.00951618142426014,0.9983340501785278,3.58343505859375
