MSE Testing,MAE Testing,Correlation Testing,Lipschitz Bound
0.00030921510187909007,0.00981196016073227,0.9982117414474487,2.66170597076416
