MSE Testing,MAE Testing,Correlation Testing,Lipschitz Bound
0.00011855625052703544,0.006295174825936556,0.9993357062339783,17.095916748046875
