MSE Testing,MAE Testing,Correlation Testing,Lipschitz Bound
0.0003110262332484126,0.009979951195418835,0.9982349872589111,3.3283534049987793
