MSE Testing,MAE Testing,Correlation Testing,Lipschitz Bound
0.00027009466430172324,0.009007592685520649,0.9984205961227417,3.301482677459717
