MSE Testing,MAE Testing,Correlation Testing,Lipschitz Bound
0.00035727894282899797,0.009237502701580524,0.9980753064155579,36.56523895263672
