MSE Testing,MAE Testing,Correlation Testing,Lipschitz Bound
0.0002828974975273013,0.009367549791932106,0.9983528256416321,3.278611421585083
