MSE Testing,MAE Testing,Correlation Testing,Lipschitz Bound
0.00022062801872380078,0.008542189374566078,0.9987210631370544,6.9078497886657715
