MSE Testing,MAE Testing,Correlation Testing,Lipschitz Bound
0.00016575772315263748,0.007211185526102781,0.9990730285644531,17.216712951660156
