MSE Testing,MAE Testing,Correlation Testing,Lipschitz Bound
0.00022699774126522243,0.008669142611324787,0.9986989498138428,7.361962795257568
