MSE Testing,MAE Testing,Correlation Testing,Lipschitz Bound
0.0001952851307578385,0.00793526042252779,0.9988811612129211,5.048750877380371
