MSE Testing,MAE Testing,Correlation Testing,Lipschitz Bound
0.0001682946749497205,0.00750555656850338,0.9990365505218506,13.806828498840332
