MSE Testing,MAE Testing,Correlation Testing,Lipschitz Bound
0.00028287965687923133,0.00941210426390171,0.9984004497528076,3.009993553161621
