MSE Testing,MAE Testing,Correlation Testing,Lipschitz Bound
0.00021860506967641413,0.007624431978911161,0.9987938404083252,23.141714096069336
