MSE Testing,MAE Testing,Correlation Testing,Lipschitz Bound
0.0002903913555201143,0.011236417107284069,0.9984079599380493,5.067144870758057
