MSE Testing,MAE Testing,Correlation Testing,Lipschitz Bound
0.00017383656813763082,0.007709003519266844,0.9990417957305908,15.81341552734375
