MSE Testing,MAE Testing,Correlation Testing,Lipschitz Bound
0.00027455968665890396,0.009391103871166706,0.998405396938324,3.975419282913208
