MSE Testing,MAE Testing,Correlation Testing,Lipschitz Bound
0.0001884711382444948,0.007844784297049046,0.9989201426506042,5.432818412780762
