MSE Testing,MAE Testing,Correlation Testing,Lipschitz Bound
0.00019796240667346865,0.00768025079742074,0.9988516569137573,8.87946605682373
