MSE Testing,MAE Testing,Correlation Testing,Lipschitz Bound
0.0003783958964049816,0.014560190960764885,0.9980546236038208,3.279423713684082
