MSE Testing,MAE Testing,Correlation Testing,Lipschitz Bound
0.0003025454352609813,0.009494547732174397,0.998280942440033,3.826956033706665
