MSE Testing,MAE Testing,Correlation Testing,Lipschitz Bound
0.0001898206101031974,0.007721024565398693,0.9989240169525146,11.471107482910156
