MSE Testing,MAE Testing,Correlation Testing,Lipschitz Bound
0.00023941101972013712,0.008651542477309704,0.9986385703086853,3.8113129138946533
