MSE Testing,MAE Testing,Correlation Testing,Lipschitz Bound
0.00033121847081929445,0.011274080723524094,0.998347818851471,3.8791627883911133
