MSE Testing,MAE Testing,Correlation Testing,Lipschitz Bound
0.00032759993337094784,0.010610115714371204,0.9982626438140869,3.039036512374878
