MSE Testing,MAE Testing,Correlation Testing,Lipschitz Bound
0.0003291708999313414,0.010617464780807495,0.9981166124343872,3.8022403717041016
