MSE Testing,MAE Testing,Correlation Testing,Lipschitz Bound
0.00028050600667484105,0.009284316562116146,0.9983648657798767,3.2178378105163574
