MSE Testing,MAE Testing,Correlation Testing,Lipschitz Bound
0.00025935148005373776,0.009014683775603771,0.9985215067863464,3.5256357192993164
