MSE Testing,MAE Testing,Correlation Testing,Lipschitz Bound
0.00023195061658043414,0.008578925393521786,0.9986546635627747,5.454249382019043
