MSE Testing,MAE Testing,Correlation Testing,Lipschitz Bound
0.00026610438362695277,0.009141258895397186,0.9984750151634216,3.488560914993286
