MSE Testing,MAE Testing,Correlation Testing,Lipschitz Bound
0.00030000583501532674,0.009369831532239914,0.9983193278312683,3.1958632469177246
