MSE Testing,MAE Testing,Correlation Testing,Lipschitz Bound
0.0002473911445122212,0.009196908213198185,0.9985733032226562,5.196480751037598
