MSE Testing,MAE Testing,Correlation Testing,Lipschitz Bound
0.00030529178911820054,0.0105136064812541,0.9982409477233887,3.4090096950531006
