MSE Testing,MAE Testing,Correlation Testing,Lipschitz Bound
0.00029490652377717197,0.009431382641196251,0.9983105063438416,3.502920627593994
