MSE Testing,MAE Testing,Correlation Testing,Lipschitz Bound
0.00020827894331887364,0.008683349005877972,0.9988084435462952,7.947110176086426
