MSE Testing,MAE Testing,Correlation Testing,Lipschitz Bound
0.0002873069606721401,0.010914909653365612,0.9983817338943481,4.519320964813232
