MSE Testing,MAE Testing,Correlation Testing,Lipschitz Bound
0.00029146813903935254,0.009312206879258156,0.9982991814613342,2.9246625900268555
