MSE Testing,MAE Testing,Correlation Testing,Lipschitz Bound
0.0002992486988659948,0.009555432945489883,0.9982642531394958,2.820826292037964
