MSE Testing,MAE Testing,Correlation Testing,Lipschitz Bound
0.00030418517417274415,0.00948411226272583,0.9982190728187561,3.4837920665740967
