MSE Testing,MAE Testing,Correlation Testing,Lipschitz Bound
0.00022949652338866144,0.008593040518462658,0.9986713528633118,6.185455799102783
