MSE Testing,MAE Testing,Correlation Testing,Lipschitz Bound
0.0001740490406518802,0.007599635981023312,0.9990044236183167,9.985483169555664
