MSE Testing,MAE Testing,Correlation Testing,Lipschitz Bound
0.0007455915329046547,0.0101153664290905,0.995868980884552,41.72987365722656
