MSE Testing,MAE Testing,Correlation Testing,Lipschitz Bound
0.000264861824689433,0.00893254205584526,0.9984555244445801,3.4218547344207764
