MSE Testing,MAE Testing,Correlation Testing,Lipschitz Bound
0.00029798512696288526,0.008627316914498806,0.9983367323875427,16.935453414916992
