MSE Testing,MAE Testing,Correlation Testing,Lipschitz Bound
0.00020868984574917704,0.00878860428929329,0.9988609552383423,9.356487274169922
