MSE Testing,MAE Testing,Correlation Testing,Lipschitz Bound
0.0002705877705011517,0.011631414294242859,0.9985443353652954,3.892756938934326
