MSE Testing,MAE Testing,Correlation Testing,Lipschitz Bound
0.00019199329835828394,0.008094362914562225,0.9988800287246704,10.922701835632324
