MSE Testing,MAE Testing,Correlation Testing,Lipschitz Bound
0.0003070405509788543,0.009844053536653519,0.9982405304908752,3.6427271366119385
