MSE Testing,MAE Testing,Correlation Testing,Lipschitz Bound
0.00031143531668931246,0.01022736169397831,0.9982064366340637,4.115531921386719
