MSE Testing,MAE Testing,Correlation Testing,Lipschitz Bound
0.0001994964259210974,0.00826165359467268,0.9988736510276794,12.594352722167969
