MSE Testing,MAE Testing,Correlation Testing,Lipschitz Bound
0.0003055272391065955,0.009494089521467686,0.998263418674469,3.135127305984497
