MSE Testing,MAE Testing,Correlation Testing,Lipschitz Bound
0.00022449255629908293,0.008797446265816689,0.9987197518348694,8.686075210571289
