MSE Testing,MAE Testing,Correlation Testing,Lipschitz Bound
0.0002609077200759202,0.008817859925329685,0.9984880685806274,4.1486921310424805
