MSE Testing,MAE Testing,Correlation Testing,Lipschitz Bound
0.0002929815964307636,0.009805548004806042,0.9983012676239014,4.367696285247803
