MSE Testing,MAE Testing,Correlation Testing,Lipschitz Bound
0.0002777132613118738,0.009291195310652256,0.9984356760978699,3.2544217109680176
