MSE Testing,MAE Testing,Correlation Testing,Lipschitz Bound
0.000243806978687644,0.009083484299480915,0.9987170696258545,4.028619766235352
