MSE Testing,MAE Testing,Correlation Testing,Lipschitz Bound
0.0002829586446750909,0.009054652415215969,0.9984027147293091,3.4813249111175537
