MSE Testing,MAE Testing,Correlation Testing,Lipschitz Bound
0.0003001298173330724,0.009604615159332752,0.998280942440033,3.200632095336914
