MSE Testing,MAE Testing,Correlation Testing,Lipschitz Bound
0.0001895160967251286,0.0076878806576132774,0.9988881945610046,6.611405849456787
