MSE Testing,MAE Testing,Correlation Testing,Lipschitz Bound
0.00021293277677614242,0.008306420408189297,0.9987805485725403,4.750613212585449
