MSE Testing,MAE Testing,Correlation Testing,Lipschitz Bound
0.0002938086399808526,0.00916929543018341,0.998301088809967,3.802950620651245
