MSE Testing,MAE Testing,Correlation Testing,Lipschitz Bound
0.0002623713808134198,0.009257962927222252,0.9984928965568542,3.553004264831543
