MSE Testing,MAE Testing,Correlation Testing,Lipschitz Bound
0.0003018811985384673,0.009330018423497677,0.9982609748840332,3.2876670360565186
