MSE Testing,MAE Testing,Correlation Testing,Lipschitz Bound
0.00028392032254487276,0.009444544091820717,0.9983713626861572,3.313201427459717
