MSE Testing,MAE Testing,Correlation Testing,Lipschitz Bound
0.00032964584534056485,0.01089007593691349,0.9981299638748169,3.2329483032226562
