MSE Testing,MAE Testing,Correlation Testing,Lipschitz Bound
0.000301943626254797,0.009731435216963291,0.9982795715332031,3.738762378692627
