MSE Testing,MAE Testing,Correlation Testing,Lipschitz Bound
0.0002676417934708297,0.009023811668157578,0.9984433650970459,3.835711717605591
