MSE Testing,MAE Testing,Correlation Testing,Lipschitz Bound
0.0003152111021336168,0.01061905175447464,0.9982016682624817,3.4756290912628174
