MSE Testing,MAE Testing,Correlation Testing,Lipschitz Bound
0.00030702122603543103,0.009708411060273647,0.9982469081878662,3.0917563438415527
