MSE Testing,MAE Testing,Correlation Testing,Lipschitz Bound
0.0002923037391155958,0.010739292949438095,0.9983422756195068,4.026850700378418
