MSE Testing,MAE Testing,Correlation Testing,Lipschitz Bound
0.00016853825945872813,0.007618478033691645,0.9990400671958923,11.401061058044434
