MSE Testing,MAE Testing,Correlation Testing,Lipschitz Bound
0.00023027407587505877,0.009167584590613842,0.9987038969993591,11.695552825927734
