MSE Testing,MAE Testing,Correlation Testing,Lipschitz Bound
0.0002968854387290776,0.009843549691140652,0.9982929229736328,3.05176043510437
