MSE Testing,MAE Testing,Correlation Testing,Lipschitz Bound
0.00024311681045219302,0.009001637808978558,0.998580276966095,4.916935443878174
