MSE Testing,MAE Testing,Correlation Testing,Lipschitz Bound
0.00017830576689448208,0.00784822553396225,0.998965322971344,7.06742000579834
