MSE Testing,MAE Testing,Correlation Testing,Lipschitz Bound
0.0001719277206575498,0.007032050285488367,0.9990159273147583,24.560062408447266
