MSE Testing,MAE Testing,Correlation Testing,Lipschitz Bound
0.0002650952956173569,0.008973922580480576,0.9984796643257141,4.554885387420654
