MSE Testing,MAE Testing,Correlation Testing,Lipschitz Bound
0.00024022732395678759,0.007877342402935028,0.9986691474914551,37.320831298828125
