MSE Testing,MAE Testing,Correlation Testing,Lipschitz Bound
0.0002654331910889596,0.008794007822871208,0.9984972476959229,3.920076370239258
