MSE Testing,MAE Testing,Correlation Testing,Lipschitz Bound
0.00013911350106354803,0.007034198846668005,0.9991891980171204,13.055499076843262
