MSE Testing,MAE Testing,Correlation Testing,Lipschitz Bound
0.0002738418406806886,0.009538696147501469,0.9984002113342285,4.334238052368164
