MSE Testing,MAE Testing,Correlation Testing,Lipschitz Bound
0.0002854896301869303,0.009441062808036804,0.998388409614563,3.465881824493408
