MSE Testing,MAE Testing,Correlation Testing,Lipschitz Bound
0.0003717034123837948,0.009135489352047443,0.9979338645935059,41.42304992675781
