MSE Testing,MAE Testing,Correlation Testing,Lipschitz Bound
0.00030043951119296253,0.009973752312362194,0.9982693791389465,4.251287460327148
