MSE Testing,MAE Testing,Correlation Testing,Lipschitz Bound
0.0005641141324304044,0.008150617592036724,0.9968734383583069,42.608917236328125
