MSE Testing,MAE Testing,Correlation Testing,Lipschitz Bound
0.0002809767029248178,0.009630337357521057,0.9983919858932495,4.499845504760742
