MSE Testing,MAE Testing,Correlation Testing,Lipschitz Bound
0.00014838033530395478,0.006902179215103388,0.999144971370697,7.0582685470581055
