MSE Testing,MAE Testing,Correlation Testing,Lipschitz Bound
0.0002714944421313703,0.009164423681795597,0.9984318017959595,4.00302267074585
