MSE Testing,MAE Testing,Correlation Testing,Lipschitz Bound
0.00029384708614088595,0.009399489499628544,0.9983507990837097,3.58059024810791
