MSE Testing,MAE Testing,Correlation Testing,Lipschitz Bound
0.00024169235257431865,0.00877811387181282,0.9985991716384888,6.2453718185424805
