MSE Testing,MAE Testing,Correlation Testing,Lipschitz Bound
0.00017028226284310222,0.007451427634805441,0.9990256428718567,14.729015350341797
