MSE Testing,MAE Testing,Correlation Testing,Lipschitz Bound
0.00028358737472444773,0.0092453733086586,0.9984022974967957,3.3807477951049805
