MSE Testing,MAE Testing,Correlation Testing,Lipschitz Bound
0.0003066768404096365,0.00965025182813406,0.9982590079307556,3.1255040168762207
