MSE Testing,MAE Testing,Correlation Testing,Lipschitz Bound
0.00021002342691645026,0.008396541699767113,0.9988096356391907,8.672689437866211
