MSE Testing,MAE Testing,Correlation Testing,Lipschitz Bound
0.00029071368044242263,0.008717283606529236,0.9983503818511963,18.096078872680664
