MSE Testing,MAE Testing,Correlation Testing,Lipschitz Bound
0.00027005630545318127,0.009525932371616364,0.9984319806098938,4.016197204589844
