MSE Testing,MAE Testing,Correlation Testing,Lipschitz Bound
0.0003257576026953757,0.00993037223815918,0.9981285929679871,2.8770017623901367
