MSE Testing,MAE Testing,Correlation Testing,Lipschitz Bound
0.000312981428578496,0.009965602308511734,0.9981886148452759,2.7974307537078857
