MSE Testing,MAE Testing,Correlation Testing,Lipschitz Bound
0.00031539006158709526,0.010171623900532722,0.9982424974441528,2.983819007873535
