MSE Testing,MAE Testing,Correlation Testing,Lipschitz Bound
0.0002793655439745635,0.009002013131976128,0.9984411597251892,11.261898040771484
