MSE Testing,MAE Testing,Correlation Testing,Lipschitz Bound
0.00026389816775918007,0.009261352010071278,0.9984752535820007,3.918919563293457
