MSE Testing,MAE Testing,Correlation Testing,Lipschitz Bound
0.00020660899463109672,0.008273300714790821,0.9988119006156921,6.176321029663086
