MSE Testing,MAE Testing,Correlation Testing,Lipschitz Bound
0.00027750880690291524,0.009400173090398312,0.9984256029129028,4.015089988708496
