MSE Testing,MAE Testing,Correlation Testing,Lipschitz Bound
0.00029433879535645247,0.00967373326420784,0.9983126521110535,3.1794674396514893
