MSE Testing,MAE Testing,Correlation Testing,Lipschitz Bound
0.00027023127768188715,0.009466741234064102,0.9984748363494873,4.338717460632324
