MSE Testing,MAE Testing,Correlation Testing,Lipschitz Bound
0.00030378703377209604,0.00947347842156887,0.9982935786247253,3.136833667755127
