MSE Testing,MAE Testing,Correlation Testing,Lipschitz Bound
0.00034561441862024367,0.010774217545986176,0.9981560707092285,3.102997303009033
