MSE Testing,MAE Testing,Correlation Testing,Lipschitz Bound
0.00020751418196596205,0.007986610755324364,0.9987911581993103,7.328476428985596
