MSE Testing,MAE Testing,Correlation Testing,Lipschitz Bound
0.00028187333373352885,0.009379151277244091,0.9983769059181213,4.106446266174316
