MSE Testing,MAE Testing,Correlation Testing,Lipschitz Bound
0.00030593364499509335,0.009595774114131927,0.9982179999351501,2.7295355796813965
