MSE Testing,MAE Testing,Correlation Testing,Lipschitz Bound
0.00022939537302590907,0.008104175329208374,0.9986903667449951,5.199305057525635
