MSE Testing,MAE Testing,Correlation Testing,Lipschitz Bound
0.00025404011830687523,0.009378943592309952,0.9985378384590149,5.594574928283691
