MSE Testing,MAE Testing,Correlation Testing,Lipschitz Bound
0.00030256228637881577,0.009503506124019623,0.9982713460922241,3.2848639488220215
