MSE Testing,MAE Testing,Correlation Testing,Lipschitz Bound
0.00030204796348698437,0.009636754170060158,0.998262345790863,3.7434401512145996
