MSE Testing,MAE Testing,Correlation Testing,Lipschitz Bound
0.0002639278827700764,0.008960091508924961,0.9984680414199829,4.705538749694824
