MSE Testing,MAE Testing,Correlation Testing,Lipschitz Bound
0.0002234490093542263,0.008858218789100647,0.9987495541572571,13.364441871643066
