MSE Testing,MAE Testing,Correlation Testing,Lipschitz Bound
0.00022913975408300757,0.008863409049808979,0.9986708164215088,9.23263168334961
