MSE Testing,MAE Testing,Correlation Testing,Lipschitz Bound
0.0003063708427362144,0.01003599725663662,0.9982403516769409,3.9262032508850098
