MSE Testing,MAE Testing,Correlation Testing,Lipschitz Bound
0.0002593205135781318,0.00870831124484539,0.9984966516494751,4.127381324768066
