MSE Testing,MAE Testing,Correlation Testing,Lipschitz Bound
0.0003023458120878786,0.009612411260604858,0.9983574748039246,3.4819514751434326
