MSE Testing,MAE Testing,Correlation Testing,Lipschitz Bound
0.0002876862417906523,0.009564376436173916,0.9983693957328796,3.4728503227233887
