MSE Testing,MAE Testing,Correlation Testing,Lipschitz Bound
0.00027602980844676495,0.009440218098461628,0.9983871579170227,5.300147533416748
