MSE Testing,MAE Testing,Correlation Testing,Lipschitz Bound
0.00023545116710010916,0.009041409008204937,0.9986591935157776,10.648102760314941
