MSE Testing,MAE Testing,Correlation Testing,Lipschitz Bound
0.00021534667757805437,0.008430170826613903,0.9988057613372803,7.710162162780762
