MSE Testing,MAE Testing,Correlation Testing,Lipschitz Bound
0.00031416784622706473,0.010068238712847233,0.998197078704834,2.892728805541992
