MSE Testing,MAE Testing,Correlation Testing,Lipschitz Bound
0.00035286793718114495,0.007775941863656044,0.9980507493019104,46.44664764404297
