MSE Testing,MAE Testing,Correlation Testing,Lipschitz Bound
0.00018306825950276107,0.007925642654299736,0.9989578723907471,10.579048156738281
