MSE Testing,MAE Testing,Correlation Testing,Lipschitz Bound
0.00032833588193170726,0.012803818099200726,0.9985077381134033,14.85234546661377
