MSE Testing,MAE Testing,Correlation Testing,Lipschitz Bound
0.0003198198101017624,0.00986087042838335,0.9981614947319031,2.9418468475341797
