MSE Testing,MAE Testing,Correlation Testing,Lipschitz Bound
0.00031283992575481534,0.009863006882369518,0.9982088804244995,3.0012664794921875
