MSE Testing,MAE Testing,Correlation Testing,Lipschitz Bound
0.00029628630727529526,0.009846792556345463,0.998289167881012,4.239778518676758
