MSE Testing,MAE Testing,Correlation Testing,Lipschitz Bound
0.0009369243052788079,0.016082514077425003,0.9949422478675842,36.94101333618164
