MSE Testing,MAE Testing,Correlation Testing,Lipschitz Bound
0.00032063087564893067,0.010290137492120266,0.9981725215911865,3.613469123840332
