MSE Testing,MAE Testing,Correlation Testing,Lipschitz Bound
0.0004507821868173778,0.015090894885361195,0.9986363649368286,3.6869592666625977
