MSE Testing,MAE Testing,Correlation Testing,Lipschitz Bound
0.0002564472088124603,0.009487496688961983,0.9985617995262146,5.790437698364258
