MSE Testing,MAE Testing,Correlation Testing,Lipschitz Bound
0.0002079979021800682,0.008213675580918789,0.9988117218017578,7.088213920593262
