MSE Testing,MAE Testing,Correlation Testing,Lipschitz Bound
0.0003185211098752916,0.00919534545391798,0.9982490539550781,14.144229888916016
