MSE Testing,MAE Testing,Correlation Testing,Lipschitz Bound
0.0002710181870497763,0.009104073978960514,0.9984228610992432,5.308943271636963
