MSE Testing,MAE Testing,Correlation Testing,Lipschitz Bound
0.00028954996378161013,0.00952848419547081,0.9983148574829102,3.089115858078003
