MSE Testing,MAE Testing,Correlation Testing,Lipschitz Bound
0.00024344149278476834,0.008957783691585064,0.9985768795013428,5.808895111083984
