MSE Testing,MAE Testing,Correlation Testing,Lipschitz Bound
0.0002857082290574908,0.009375236928462982,0.9983492493629456,3.4925665855407715
