MSE Testing,MAE Testing,Correlation Testing,Lipschitz Bound
0.0012414559023454785,0.017944201827049255,0.9939655661582947,39.0730094909668
