MSE Testing,MAE Testing,Correlation Testing,Lipschitz Bound
0.00018618980539031327,0.00801435112953186,0.9989209771156311,6.5243330001831055
