MSE Testing,MAE Testing,Correlation Testing,Lipschitz Bound
0.00024142037727870047,0.00937672983855009,0.9985923767089844,6.686236381530762
