MSE Testing,MAE Testing,Correlation Testing,Lipschitz Bound
0.0025557340122759342,0.023899469524621964,0.9872196316719055,39.99497985839844
