MSE Testing,MAE Testing,Correlation Testing,Lipschitz Bound
0.0002346978144487366,0.008834476582705975,0.9986292719841003,5.634059906005859
