MSE Testing,MAE Testing,Correlation Testing,Lipschitz Bound
0.000299478619126603,0.009910336695611477,0.9982787370681763,2.9987871646881104
