MSE Testing,MAE Testing,Correlation Testing,Lipschitz Bound
0.0002965617459267378,0.009779205545783043,0.9983769059181213,3.6917080879211426
