MSE Testing,MAE Testing,Correlation Testing,Lipschitz Bound
0.0003068092046305537,0.009735694155097008,0.9982253313064575,2.696605920791626
