MSE Testing,MAE Testing,Correlation Testing,Lipschitz Bound
0.00027676348690874875,0.009624931029975414,0.998414933681488,4.672275066375732
