MSE Testing,MAE Testing,Correlation Testing,Lipschitz Bound
0.00032318735611625016,0.009855852462351322,0.9981499910354614,2.9080066680908203
