MSE Testing,MAE Testing,Correlation Testing,Lipschitz Bound
0.0002762587973847985,0.007961122319102287,0.9984245896339417,23.208681106567383
