MSE Testing,MAE Testing,Correlation Testing,Lipschitz Bound
0.0002470149483997375,0.008815914392471313,0.9985510110855103,4.0983123779296875
