MSE Testing,MAE Testing,Correlation Testing,Lipschitz Bound
0.0002495116787031293,0.00885376613587141,0.9985650777816772,4.0286760330200195
