MSE Testing,MAE Testing,Correlation Testing,Lipschitz Bound
0.00025169525179080665,0.00907430611550808,0.9985383749008179,7.81301736831665
