MSE Testing,MAE Testing,Correlation Testing,Lipschitz Bound
0.0003143825742881745,0.009842273779213428,0.9981988072395325,3.5483129024505615
