MSE Testing,MAE Testing,Correlation Testing,Lipschitz Bound
0.00030994060216471553,0.009980767965316772,0.9982365369796753,3.048947334289551
