MSE Testing,MAE Testing,Correlation Testing,Lipschitz Bound
0.00025959115009754896,0.008970768190920353,0.9984794855117798,3.5944981575012207
