MSE Testing,MAE Testing,Correlation Testing,Lipschitz Bound
0.0003659728972706944,0.011512232944369316,0.9982647895812988,3.0937719345092773
