MSE Testing,MAE Testing,Correlation Testing,Lipschitz Bound
0.0002198081201640889,0.008211356587707996,0.9987600445747375,6.296710968017578
