MSE Testing,MAE Testing,Correlation Testing,Lipschitz Bound
0.0003086248761974275,0.009763746522367,0.998225212097168,2.8213090896606445
