MSE Testing,MAE Testing,Correlation Testing,Lipschitz Bound
0.00028511692653410137,0.009462937712669373,0.9983506798744202,3.262705087661743
