MSE Testing,MAE Testing,Correlation Testing,Lipschitz Bound
0.0003025377227459103,0.00964041706174612,0.9983038306236267,4.282663822174072
