MSE Testing,MAE Testing,Correlation Testing,Lipschitz Bound
0.000269115436822176,0.008847330696880817,0.9984596371650696,3.9025003910064697
