MSE Testing,MAE Testing,Correlation Testing,Lipschitz Bound
0.0002742926590144634,0.008905972354114056,0.9984515309333801,3.6760318279266357
