MSE Testing,MAE Testing,Correlation Testing,Lipschitz Bound
0.0002535363892093301,0.008935009129345417,0.9985384345054626,11.306904792785645
