MSE Testing,MAE Testing,Correlation Testing,Lipschitz Bound
0.00023149790649767965,0.008486694656312466,0.9986621737480164,5.300944805145264
