MSE Testing,MAE Testing,Correlation Testing,Lipschitz Bound
0.00018659219495020807,0.007522012572735548,0.998986005783081,20.214712142944336
