MSE Testing,MAE Testing,Correlation Testing,Lipschitz Bound
0.00038450167630799115,0.009517349302768707,0.9979337453842163,26.54092025756836
