MSE Testing,MAE Testing,Correlation Testing,Lipschitz Bound
0.0003483826294541359,0.008341650478541851,0.9980459809303284,23.113574981689453
