MSE Testing,MAE Testing,Correlation Testing,Lipschitz Bound
0.00030819664243608713,0.010760252363979816,0.9984135031700134,4.365262031555176
