MSE Testing,MAE Testing,Correlation Testing,Lipschitz Bound
0.00031719598337076604,0.009991687722504139,0.9981772303581238,2.7546029090881348
