MSE Testing,MAE Testing,Correlation Testing,Lipschitz Bound
0.0002975888201035559,0.009470032528042793,0.9982951879501343,3.4225175380706787
