MSE Testing,MAE Testing,Correlation Testing,Lipschitz Bound
0.0016932496801018715,0.020956268534064293,0.9915057420730591,41.966861724853516
