MSE Testing,MAE Testing,Correlation Testing,Lipschitz Bound
0.00015947096107993275,0.007563787512481213,0.9990971684455872,21.298721313476562
