MSE Testing,MAE Testing,Correlation Testing,Lipschitz Bound
0.0003200362843926996,0.00976559892296791,0.9981793761253357,3.1639931201934814
