MSE Testing,MAE Testing,Correlation Testing,Lipschitz Bound
0.0003766380250453949,0.007908782921731472,0.9978965520858765,27.966449737548828
