MSE Testing,MAE Testing,Correlation Testing,Lipschitz Bound
0.0021397918462753296,0.02172170579433441,0.9893238544464111,42.1509895324707
