MSE Testing,MAE Testing,Correlation Testing,Lipschitz Bound
0.0001855896698543802,0.007658147718757391,0.998945415019989,11.736409187316895
