MSE Testing,MAE Testing,Correlation Testing,Lipschitz Bound
0.0002699290926102549,0.009253466501832008,0.9984287023544312,4.173799991607666
