MSE Testing,MAE Testing,Correlation Testing,Lipschitz Bound
0.00026511511532589793,0.009073026478290558,0.9984689950942993,3.648085117340088
