MSE Testing,MAE Testing,Correlation Testing,Lipschitz Bound
0.0001843936915975064,0.007953787222504616,0.9989382028579712,12.002402305603027
