MSE Testing,MAE Testing,Correlation Testing,Lipschitz Bound
0.00025085630477406085,0.00907398946583271,0.9985785484313965,4.88292932510376
