MSE Testing,MAE Testing,Correlation Testing,Lipschitz Bound
0.0002612401149235666,0.00900369230657816,0.9984990954399109,3.8067169189453125
