MSE Testing,MAE Testing,Correlation Testing,Lipschitz Bound
0.0017469607992097735,0.021266577765345573,0.9914010167121887,37.486915588378906
