MSE Testing,MAE Testing,Correlation Testing,Lipschitz Bound
0.0002517224638722837,0.009112758561968803,0.9985409379005432,5.045254230499268
