MSE Testing,MAE Testing,Correlation Testing,Lipschitz Bound
0.0002476347144693136,0.009356282651424408,0.9985852837562561,3.7919719219207764
