MSE Testing,MAE Testing,Correlation Testing,Lipschitz Bound
0.0003127531672362238,0.009617348201572895,0.998231053352356,3.6574203968048096
