MSE Testing,MAE Testing,Correlation Testing,Lipschitz Bound
0.0002448238374199718,0.008715551346540451,0.9985774755477905,6.692561149597168
