MSE Testing,MAE Testing,Correlation Testing,Lipschitz Bound
0.00023902259999886155,0.008856062777340412,0.9986164569854736,7.9209489822387695
