MSE Testing,MAE Testing,Correlation Testing,Lipschitz Bound
0.0003274962364230305,0.010168409906327724,0.9981493949890137,3.340989351272583
