MSE Testing,MAE Testing,Correlation Testing,Lipschitz Bound
0.00018763690604828298,0.007795943412929773,0.9989204406738281,7.293752193450928
