MSE Testing,MAE Testing,Correlation Testing,Lipschitz Bound
0.00032633720547892153,0.00967862643301487,0.998136043548584,2.89457368850708
