MSE Testing,MAE Testing,Correlation Testing,Lipschitz Bound
0.00022213248303160071,0.00825468823313713,0.9986997842788696,4.7799072265625
