MSE Testing,MAE Testing,Correlation Testing,Lipschitz Bound
0.00015937894931994379,0.007281418424099684,0.9990653395652771,11.193775177001953
