MSE Testing,MAE Testing,Correlation Testing,Lipschitz Bound
0.00023462023818865418,0.008122376166284084,0.9987112879753113,19.59117317199707
