MSE Testing,MAE Testing,Correlation Testing,Lipschitz Bound
0.00026781210908666253,0.009141550399363041,0.9984612464904785,3.55804705619812
