MSE Testing,MAE Testing,Correlation Testing,Lipschitz Bound
0.00021821180416736752,0.008402322418987751,0.9987398982048035,9.998435974121094
