MSE Testing,MAE Testing,Correlation Testing,Lipschitz Bound
0.0002097145188599825,0.008446925319731236,0.9987857937812805,5.513636589050293
