MSE Testing,MAE Testing,Correlation Testing,Lipschitz Bound
0.0002788514248095453,0.009209701791405678,0.9984033107757568,3.7236328125
