MSE Testing,MAE Testing,Correlation Testing,Lipschitz Bound
0.00031800681608729064,0.009880917146801949,0.9981807470321655,3.4839255809783936
