MSE Testing,MAE Testing,Correlation Testing,Lipschitz Bound
0.0002426505961921066,0.008485834114253521,0.9986086487770081,4.405726909637451
