MSE Testing,MAE Testing,Correlation Testing,Lipschitz Bound
0.0006936360150575638,0.01468081958591938,0.996446430683136,35.51485061645508
