MSE Testing,MAE Testing,Correlation Testing,Lipschitz Bound
0.0002277816238347441,0.009003613144159317,0.9987495541572571,4.437833786010742
