MSE Testing,MAE Testing,Correlation Testing,Lipschitz Bound
0.00023840587527956814,0.007429400458931923,0.9987064599990845,39.00543975830078
