MSE Testing,MAE Testing,Correlation Testing,Lipschitz Bound
0.0002443264820612967,0.008874638006091118,0.9985832571983337,6.51632833480835
