MSE Testing,MAE Testing,Correlation Testing,Lipschitz Bound
0.0002002748951781541,0.008073308505117893,0.9988575577735901,7.64164924621582
