MSE Testing,MAE Testing,Correlation Testing,Lipschitz Bound
0.00017709808889776468,0.007569301873445511,0.9989733695983887,9.72294807434082
