MSE Testing,MAE Testing,Correlation Testing,Lipschitz Bound
0.0003151795535814017,0.010079735890030861,0.9982138276100159,3.279947280883789
