MSE Testing,MAE Testing,Correlation Testing,Lipschitz Bound
0.00024064599710982293,0.008843834511935711,0.9986076354980469,4.477294445037842
