MSE Testing,MAE Testing,Correlation Testing,Lipschitz Bound
0.00021008060139138252,0.008227680809795856,0.9988040924072266,7.098832130432129
