MSE Testing,MAE Testing,Correlation Testing,Lipschitz Bound
0.0002463200071360916,0.009378332644701004,0.9988110065460205,31.47524070739746
