MSE Testing,MAE Testing,Correlation Testing,Lipschitz Bound
0.0002955450618173927,0.009999845176935196,0.9983093738555908,3.829376220703125
