MSE Testing,MAE Testing,Correlation Testing,Lipschitz Bound
0.00032518786611035466,0.010049301199615002,0.99823397397995,3.1920013427734375
