MSE Testing,MAE Testing,Correlation Testing,Lipschitz Bound
0.00034369094646535814,0.009250215254724026,0.9981654286384583,24.71479606628418
