MSE Testing,MAE Testing,Correlation Testing,Lipschitz Bound
0.0003080987080466002,0.009800869040191174,0.9982414841651917,3.2988853454589844
