MSE Testing,MAE Testing,Correlation Testing,Lipschitz Bound
0.00027607547235675156,0.009343384765088558,0.9984205961227417,4.292501449584961
