MSE Testing,MAE Testing,Correlation Testing,Lipschitz Bound
0.0002248272066935897,0.009309553541243076,0.9987289905548096,5.9952168464660645
