MSE Testing,MAE Testing,Correlation Testing,Lipschitz Bound
0.0002383417886449024,0.008564462885260582,0.9986042380332947,4.148533821105957
