MSE Testing,MAE Testing,Correlation Testing,Lipschitz Bound
0.00023264714400283992,0.008371931500732899,0.9986486434936523,5.137456893920898
