MSE Testing,MAE Testing,Correlation Testing,Lipschitz Bound
0.00023620841966476291,0.009163232520222664,0.9986464381217957,7.014857292175293
