MSE Testing,MAE Testing,Correlation Testing,Lipschitz Bound
0.0002103290898958221,0.008417520672082901,0.9987684488296509,8.841547012329102
