MSE Testing,MAE Testing,Correlation Testing,Lipschitz Bound
0.0003257130738347769,0.009208462201058865,0.998192310333252,25.83316421508789
