MSE Testing,MAE Testing,Correlation Testing,Lipschitz Bound
0.0002965414896607399,0.00979917123913765,0.9982776045799255,3.869353771209717
