MSE Testing,MAE Testing,Correlation Testing,Lipschitz Bound
0.0003519041929394007,0.012226724997162819,0.9980584383010864,3.3209078311920166
