MSE Testing,MAE Testing,Correlation Testing,Lipschitz Bound
0.00026470792363397777,0.009100763127207756,0.9984918236732483,3.4526140689849854
