MSE Testing,MAE Testing,Correlation Testing,Lipschitz Bound
0.000204395895707421,0.008383935317397118,0.998871386051178,11.13929271697998
