MSE Testing,MAE Testing,Correlation Testing,Lipschitz Bound
0.00027944022440351546,0.009128184989094734,0.9983672499656677,3.122349500656128
