MSE Testing,MAE Testing,Correlation Testing,Lipschitz Bound
0.00031216596835292876,0.009487173520028591,0.9982043504714966,3.0504262447357178
