MSE Testing,MAE Testing,Correlation Testing,Lipschitz Bound
0.00030776020139455795,0.012357190251350403,0.9983296394348145,3.7581138610839844
