MSE Testing,MAE Testing,Correlation Testing,Lipschitz Bound
0.000275115598924458,0.009414657950401306,0.9984070062637329,4.471075057983398
