MSE Testing,MAE Testing,Correlation Testing,Lipschitz Bound
0.00023229126236401498,0.008458049036562443,0.9986804723739624,5.191241264343262
