MSE Testing,MAE Testing,Correlation Testing,Lipschitz Bound
0.0003529391251504421,0.009828414767980576,0.9981327056884766,29.57723045349121
