MSE Testing,MAE Testing,Correlation Testing,Lipschitz Bound
0.00018462906882632524,0.006882473360747099,0.9989874362945557,20.622446060180664
