MSE Testing,MAE Testing,Correlation Testing,Lipschitz Bound
0.00027951152878813446,0.009250650182366371,0.9983713626861572,3.406904697418213
