MSE Testing,MAE Testing,Correlation Testing,Lipschitz Bound
0.00032330979593098164,0.010078100487589836,0.9981732964515686,3.4162023067474365
