MSE Testing,MAE Testing,Correlation Testing,Lipschitz Bound
0.0017959040123969316,0.020622815936803818,0.99079829454422,41.39292907714844
