MSE Testing,MAE Testing,Correlation Testing,Lipschitz Bound
0.00045266488450579345,0.01653922162950039,0.997804582118988,2.6698429584503174
