MSE Testing,MAE Testing,Correlation Testing,Lipschitz Bound
0.0002821382076945156,0.009054976515471935,0.9983792901039124,3.9572815895080566
