MSE Testing,MAE Testing,Correlation Testing,Lipschitz Bound
0.0003108196542598307,0.009560943581163883,0.9981845021247864,3.267761468887329
