MSE Testing,MAE Testing,Correlation Testing,Lipschitz Bound
0.00032144534634426236,0.010086136870086193,0.9982152581214905,3.867652177810669
