MSE Testing,MAE Testing,Correlation Testing,Lipschitz Bound
0.0003253766626585275,0.007650784216821194,0.998145580291748,37.09300994873047
