MSE Testing,MAE Testing,Correlation Testing,Lipschitz Bound
0.00019006396178156137,0.008051443845033646,0.9989128112792969,4.94061803817749
