MSE Testing,MAE Testing,Correlation Testing,Lipschitz Bound
0.0002940602716989815,0.009236879646778107,0.9983334541320801,3.265636682510376
