MSE Testing,MAE Testing,Correlation Testing,Lipschitz Bound
0.00020853462046943605,0.0081680528819561,0.9987849593162537,6.411054611206055
