MSE Testing,MAE Testing,Correlation Testing,Lipschitz Bound
0.00030770860030315816,0.011613058857619762,0.9982978701591492,4.151244163513184
