MSE Testing,MAE Testing,Correlation Testing,Lipschitz Bound
0.00024708747514523566,0.008885343559086323,0.9985801577568054,4.044881820678711
