MSE Testing,MAE Testing,Correlation Testing,Lipschitz Bound
0.00022915768204256892,0.008150920271873474,0.9986860156059265,16.17839813232422
