MSE Testing,MAE Testing,Correlation Testing,Lipschitz Bound
0.00021616966114379466,0.008272268809378147,0.9987512826919556,6.175173759460449
