MSE Testing,MAE Testing,Correlation Testing,Lipschitz Bound
0.00026832864386960864,0.009298359975218773,0.9984467029571533,3.7222626209259033
