MSE Testing,MAE Testing,Correlation Testing,Lipschitz Bound
0.0002521079732105136,0.009080689400434494,0.998569905757904,5.466139793395996
