MSE Testing,MAE Testing,Correlation Testing,Lipschitz Bound
0.0003455046098679304,0.01036285050213337,0.9980073571205139,2.9006574153900146
