MSE Testing,MAE Testing,Correlation Testing,Lipschitz Bound
0.0003712001780513674,0.012673553079366684,0.9981956481933594,23.825454711914062
