MSE Testing,MAE Testing,Correlation Testing,Lipschitz Bound
0.000306407775497064,0.009600432589650154,0.9982592463493347,3.2220499515533447
