MSE Testing,MAE Testing,Correlation Testing,Lipschitz Bound
0.0003241566300857812,0.010137753561139107,0.9981424808502197,2.6793811321258545
