MSE Testing,MAE Testing,Correlation Testing,Lipschitz Bound
0.0002310441341251135,0.008613700978457928,0.998672366142273,4.342656135559082
