MSE Testing,MAE Testing,Correlation Testing,Lipschitz Bound
0.0002346138790016994,0.008586807176470757,0.9986570477485657,3.910280704498291
