MSE Testing,MAE Testing,Correlation Testing,Lipschitz Bound
0.0002900563704315573,0.00970413163304329,0.9983264207839966,3.263784646987915
