MSE Testing,MAE Testing,Correlation Testing,Lipschitz Bound
0.0002646446228027344,0.00922107882797718,0.9984579086303711,4.379642486572266
