MSE Testing,MAE Testing,Correlation Testing,Lipschitz Bound
0.0002460395626258105,0.008616341277956963,0.9985748529434204,11.871162414550781
