MSE Testing,MAE Testing,Correlation Testing,Lipschitz Bound
0.00023611626238562167,0.008754299953579903,0.9986568093299866,4.560050010681152
