MSE Testing,MAE Testing,Correlation Testing,Lipschitz Bound
0.00021022057626396418,0.008358648046851158,0.9987807869911194,8.667109489440918
