MSE Testing,MAE Testing,Correlation Testing,Lipschitz Bound
0.00029250080115161836,0.010198252275586128,0.9983193278312683,3.0928955078125
