MSE Testing,MAE Testing,Correlation Testing,Lipschitz Bound
0.0003168290131725371,0.009965256787836552,0.9982365965843201,3.9556193351745605
