MSE Testing,MAE Testing,Correlation Testing,Lipschitz Bound
0.00028840056620538235,0.00977379735559225,0.998353898525238,2.9297797679901123
