MSE Testing,MAE Testing,Correlation Testing,Lipschitz Bound
0.0020594915840774775,0.025078946724534035,0.990328311920166,32.671592712402344
