MSE Testing,MAE Testing,Correlation Testing,Lipschitz Bound
0.00020334574219305068,0.008465226739645004,0.9988598823547363,8.2056884765625
