MSE Testing,MAE Testing,Correlation Testing,Lipschitz Bound
0.0002735561865847558,0.009051226079463959,0.9984502792358398,5.184260845184326
