MSE Testing,MAE Testing,Correlation Testing,Lipschitz Bound
0.0002718220348469913,0.009736346080899239,0.998449444770813,4.060237884521484
