MSE Testing,MAE Testing,Correlation Testing,Lipschitz Bound
0.0002974282833747566,0.009536716155707836,0.9983282685279846,4.418414115905762
