MSE Testing,MAE Testing,Correlation Testing,Lipschitz Bound
0.00030670184059999883,0.00992041826248169,0.9982523322105408,3.3783438205718994
