MSE Testing,MAE Testing,Correlation Testing,Lipschitz Bound
0.00021676518372260034,0.008605889044702053,0.9987426400184631,5.129112243652344
