MSE Testing,MAE Testing,Correlation Testing,Lipschitz Bound
0.0003104410134255886,0.009585687890648842,0.9983068108558655,3.0971531867980957
