MSE Testing,MAE Testing,Correlation Testing,Lipschitz Bound
0.0003065647615585476,0.01017073541879654,0.9982569813728333,3.750058650970459
