MSE Testing,MAE Testing,Correlation Testing,Lipschitz Bound
0.0002666105283424258,0.009154673665761948,0.9984441995620728,6.258456230163574
