MSE Testing,MAE Testing,Correlation Testing,Lipschitz Bound
0.000283311412204057,0.009512762539088726,0.9983770251274109,4.135554790496826
