MSE Testing,MAE Testing,Correlation Testing,Lipschitz Bound
0.0003003952733706683,0.009928034618496895,0.9982713460922241,3.7435123920440674
