MSE Testing,MAE Testing,Correlation Testing,Lipschitz Bound
0.0002326292305951938,0.008870822377502918,0.9986905455589294,16.4759464263916
