MSE Testing,MAE Testing,Correlation Testing,Lipschitz Bound
0.00032423707307316363,0.010316339321434498,0.9981731176376343,2.9269330501556396
