MSE Testing,MAE Testing,Correlation Testing,Lipschitz Bound
0.000248134572757408,0.009342731907963753,0.998573362827301,5.97049617767334
