MSE Testing,MAE Testing,Correlation Testing,Lipschitz Bound
0.000306625384837389,0.00989315565675497,0.9982671737670898,3.1979706287384033
