MSE Testing,MAE Testing,Correlation Testing,Lipschitz Bound
0.0002521872811485082,0.009329697117209435,0.9985599517822266,6.320702075958252
