MSE Testing,MAE Testing,Correlation Testing,Lipschitz Bound
0.0002942470891866833,0.009792070835828781,0.9983119368553162,3.595637083053589
