MSE Testing,MAE Testing,Correlation Testing,Lipschitz Bound
0.00030252133728936315,0.009503434412181377,0.9982398152351379,2.7776079177856445
