MSE Testing,MAE Testing,Correlation Testing,Lipschitz Bound
0.00035852391738444567,0.00952348206192255,0.9980502128601074,18.274417877197266
