MSE Testing,MAE Testing,Correlation Testing,Lipschitz Bound
0.00031702095293439925,0.010842036455869675,0.9981851577758789,3.522693395614624
