MSE Testing,MAE Testing,Correlation Testing,Lipschitz Bound
0.0002173492539441213,0.008432701230049133,0.9987645149230957,6.5084991455078125
