MSE Testing,MAE Testing,Correlation Testing,Lipschitz Bound
0.0002894167264457792,0.009127996861934662,0.9983242750167847,3.9011144638061523
