MSE Testing,MAE Testing,Correlation Testing,Lipschitz Bound
0.0002495502994861454,0.009072132408618927,0.9985500574111938,6.238779067993164
