MSE Testing,MAE Testing,Correlation Testing,Lipschitz Bound
0.0003045627963729203,0.009794820100069046,0.9982632398605347,3.7996745109558105
