MSE Testing,MAE Testing,Correlation Testing,Lipschitz Bound
0.0003376376407686621,0.010067190043628216,0.9980477690696716,2.775132417678833
