MSE Testing,MAE Testing,Correlation Testing,Lipschitz Bound
0.00019573685131035745,0.007501463405787945,0.998870313167572,5.99069881439209
