MSE Testing,MAE Testing,Correlation Testing,Lipschitz Bound
0.0002294597652507946,0.00861414335668087,0.998717188835144,19.054332733154297
