MSE Testing,MAE Testing,Correlation Testing,Lipschitz Bound
0.0002820341323968023,0.01269126683473587,0.9986014366149902,6.18763542175293
