MSE Testing,MAE Testing,Correlation Testing,Lipschitz Bound
0.0003002086014021188,0.009924047626554966,0.9983008503913879,3.0082449913024902
