MSE Testing,MAE Testing,Correlation Testing,Lipschitz Bound
0.0002810436999425292,0.009589365683495998,0.9983696341514587,4.1226115226745605
