MSE Testing,MAE Testing,Correlation Testing,Lipschitz Bound
0.00025026791263371706,0.008671392686665058,0.9985483288764954,4.525115489959717
