MSE Testing,MAE Testing,Correlation Testing,Lipschitz Bound
0.0002859641972463578,0.00867476686835289,0.9984251856803894,26.544889450073242
