MSE Testing,MAE Testing,Correlation Testing,Lipschitz Bound
0.0003222086525056511,0.00995365995913744,0.9981582164764404,2.838132619857788
