MSE Testing,MAE Testing,Correlation Testing,Lipschitz Bound
0.0003151515848003328,0.009869758039712906,0.9982081651687622,2.915933132171631
