MSE Testing,MAE Testing,Correlation Testing,Lipschitz Bound
0.00017014647892210633,0.007683787494897842,0.9990140795707703,7.745863914489746
