MSE Testing,MAE Testing,Correlation Testing,Lipschitz Bound
0.00019563667592592537,0.009656306356191635,0.9989950656890869,11.534969329833984
