MSE Testing,MAE Testing,Correlation Testing,Lipschitz Bound
0.0018785690190270543,0.02204412780702114,0.990652859210968,33.95304870605469
