MSE Testing,MAE Testing,Correlation Testing,Lipschitz Bound
0.00026553793577477336,0.009132078848779202,0.9984660744667053,4.219233989715576
