MSE Testing,MAE Testing,Correlation Testing,Lipschitz Bound
0.00028250060859136283,0.009578979574143887,0.9983628392219543,3.700528144836426
