MSE Testing,MAE Testing,Correlation Testing,Lipschitz Bound
0.00023492307809647173,0.008702089078724384,0.9986379146575928,7.031501770019531
