MSE Testing,MAE Testing,Correlation Testing,Lipschitz Bound
0.0004585121641866863,0.008961164392530918,0.9974228143692017,38.45896911621094
