MSE Testing,MAE Testing,Correlation Testing,Lipschitz Bound
0.00023889419389888644,0.008909748867154121,0.9986055493354797,5.244465351104736
