MSE Testing,MAE Testing,Correlation Testing,Lipschitz Bound
0.00028930226108059287,0.009806242771446705,0.9983527660369873,3.1482975482940674
