MSE Testing,MAE Testing,Correlation Testing,Lipschitz Bound
0.00017263741756323725,0.007194539066404104,0.9989912509918213,9.43398380279541
