MSE Testing,MAE Testing,Correlation Testing,Lipschitz Bound
0.00023765588412061334,0.009403625503182411,0.9986565113067627,10.220049858093262
