MSE Testing,MAE Testing,Correlation Testing,Lipschitz Bound
0.0003424975147936493,0.010486407205462456,0.998045802116394,3.091188430786133
