MSE Testing,MAE Testing,Correlation Testing,Lipschitz Bound
0.0002848572039511055,0.010696069337427616,0.9983800053596497,3.8951222896575928
