MSE Testing,MAE Testing,Correlation Testing,Lipschitz Bound
0.00034472966217435896,0.010838307440280914,0.9980547428131104,3.031593084335327
