MSE Testing,MAE Testing,Correlation Testing,Lipschitz Bound
0.0003211981675121933,0.01029662974178791,0.9981528520584106,3.104062795639038
