MSE Testing,MAE Testing,Correlation Testing,Lipschitz Bound
0.00025822294992394745,0.00856531411409378,0.9985686540603638,15.669318199157715
