MSE Testing,MAE Testing,Correlation Testing,Lipschitz Bound
0.00021944867330603302,0.008702126331627369,0.9987584948539734,5.799907684326172
