MSE Testing,MAE Testing,Correlation Testing,Lipschitz Bound
0.00032626287429593503,0.012120600789785385,0.9981908798217773,2.991466760635376
