MSE Testing,MAE Testing,Correlation Testing,Lipschitz Bound
0.0003177266044076532,0.009970685467123985,0.9981507062911987,3.485161781311035
