MSE Testing,MAE Testing,Correlation Testing,Lipschitz Bound
0.00032636927790008485,0.009961969219148159,0.99815833568573,3.4632010459899902
