MSE Testing,MAE Testing,Correlation Testing,Lipschitz Bound
0.00021183084754738957,0.008353904820978642,0.9988351464271545,4.516310214996338
