MSE Testing,MAE Testing,Correlation Testing,Lipschitz Bound
0.0026248053181916475,0.021617092192173004,0.9858967065811157,34.124027252197266
