MSE Testing,MAE Testing,Correlation Testing,Lipschitz Bound
0.00024186188238672912,0.008635910227894783,0.9985945820808411,7.328957557678223
