MSE Testing,MAE Testing,Correlation Testing,Lipschitz Bound
0.00025603719404898584,0.008790832944214344,0.9985116124153137,4.175076961517334
