MSE Testing,MAE Testing,Correlation Testing,Lipschitz Bound
0.0015872742515057325,0.02020028792321682,0.9920074343681335,34.443092346191406
