MSE Testing,MAE Testing,Correlation Testing,Lipschitz Bound
0.0002215611020801589,0.008473683148622513,0.9987120032310486,10.17190933227539
