MSE Testing,MAE Testing,Correlation Testing,Lipschitz Bound
0.00024068997299764305,0.008765114471316338,0.99859619140625,5.0492401123046875
