MSE Testing,MAE Testing,Correlation Testing,Lipschitz Bound
0.00033166358480229974,0.010075586847960949,0.9981387853622437,3.406003475189209
