MSE Testing,MAE Testing,Correlation Testing,Lipschitz Bound
0.0003087134100496769,0.00930800475180149,0.998218834400177,3.26831316947937
