MSE Testing,MAE Testing,Correlation Testing,Lipschitz Bound
0.00016709513147361577,0.007366638630628586,0.9990538358688354,13.722341537475586
