MSE Testing,MAE Testing,Correlation Testing,Lipschitz Bound
0.00023141849669627845,0.008295871317386627,0.9986627697944641,4.677535057067871
