MSE Testing,MAE Testing,Correlation Testing,Lipschitz Bound
0.00025905927759595215,0.009024426341056824,0.9985131621360779,5.828646659851074
