MSE Testing,MAE Testing,Correlation Testing,Lipschitz Bound
0.00026953074848279357,0.009065188467502594,0.9984822273254395,3.6143479347229004
