MSE Testing,MAE Testing,Correlation Testing,Lipschitz Bound
0.0003057242138311267,0.009716993197798729,0.9982516169548035,3.0318899154663086
