MSE Testing,MAE Testing,Correlation Testing,Lipschitz Bound
0.0002438434457872063,0.008982749655842781,0.998594343662262,4.546100616455078
