MSE Testing,MAE Testing,Correlation Testing,Lipschitz Bound
0.00025009503588080406,0.00854030903428793,0.9985511898994446,4.541316986083984
