MSE Testing,MAE Testing,Correlation Testing,Lipschitz Bound
0.0001657455286476761,0.007585287559777498,0.9990524649620056,5.876450538635254
