MSE Testing,MAE Testing,Correlation Testing,Lipschitz Bound
0.00024390462203882635,0.009024815633893013,0.9985835552215576,4.331585884094238
