MSE Testing,MAE Testing,Correlation Testing,Lipschitz Bound
0.0003122327325399965,0.009863072074949741,0.9981796741485596,3.635952949523926
