MSE Testing,MAE Testing,Correlation Testing,Lipschitz Bound
0.00020347691315691918,0.00805651769042015,0.9988289475440979,4.9739227294921875
