MSE Testing,MAE Testing,Correlation Testing,Lipschitz Bound
0.00025316522805951536,0.00892724096775055,0.998555600643158,3.8800058364868164
