MSE Testing,MAE Testing,Correlation Testing,Lipschitz Bound
0.00021580675092991441,0.008532109670341015,0.9987504482269287,4.659911632537842
