MSE Testing,MAE Testing,Correlation Testing,Lipschitz Bound
0.0003101204929407686,0.009790546260774136,0.998218834400177,3.2533440589904785
