MSE Testing,MAE Testing,Correlation Testing,Lipschitz Bound
0.00028539987397380173,0.00940764881670475,0.9983513951301575,3.5391006469726562
