MSE Testing,MAE Testing,Correlation Testing,Lipschitz Bound
0.00018737494247034192,0.008067895658314228,0.9989426136016846,13.129257202148438
