MSE Testing,MAE Testing,Correlation Testing,Lipschitz Bound
0.0002333137090317905,0.008339880034327507,0.9986487030982971,4.619208335876465
