MSE Testing,MAE Testing,Correlation Testing,Lipschitz Bound
0.00032410130370408297,0.010355612263083458,0.9981524348258972,3.545179843902588
