MSE Testing,MAE Testing,Correlation Testing,Lipschitz Bound
0.0002957785327453166,0.00945238396525383,0.998275876045227,4.123876571655273
