MSE Testing,MAE Testing,Correlation Testing,Lipschitz Bound
0.00019288143084850162,0.007683902978897095,0.9988804459571838,6.649672508239746
