MSE Testing,MAE Testing,Correlation Testing,Lipschitz Bound
0.00031776761170476675,0.009650255553424358,0.9981481432914734,3.1034464836120605
