MSE Testing,MAE Testing,Correlation Testing,Lipschitz Bound
0.00018526139319874346,0.007790120784193277,0.9989485144615173,9.057424545288086
