MSE Testing,MAE Testing,Correlation Testing,Lipschitz Bound
0.00026255534612573683,0.009219172410666943,0.9984748363494873,5.46934175491333
