MSE Testing,MAE Testing,Correlation Testing,Lipschitz Bound
0.000330890528857708,0.009911882691085339,0.9980818629264832,2.869088888168335
