MSE Testing,MAE Testing,Correlation Testing,Lipschitz Bound
0.0002522972645238042,0.00869374442845583,0.9985301494598389,5.404550552368164
