MSE Testing,MAE Testing,Correlation Testing,Lipschitz Bound
0.00029036705382168293,0.009409268386662006,0.9983323812484741,3.3985917568206787
