MSE Testing,MAE Testing,Correlation Testing,Lipschitz Bound
0.00019556164625100791,0.00815767515450716,0.9988728761672974,7.5896077156066895
