MSE Testing,MAE Testing,Correlation Testing,Lipschitz Bound
0.00029436557088047266,0.009850194677710533,0.9984933137893677,3.822551965713501
