MSE Testing,MAE Testing,Correlation Testing,Lipschitz Bound
0.00016110108117572963,0.006467192899435759,0.9990840554237366,38.217044830322266
