MSE Testing,MAE Testing,Correlation Testing,Lipschitz Bound
0.0002338318881811574,0.008603958413004875,0.9986706972122192,5.533817768096924
