MSE Testing,MAE Testing,Correlation Testing,Lipschitz Bound
0.00021520178415812552,0.008461305871605873,0.9987613558769226,5.461017608642578
