MSE Testing,MAE Testing,Correlation Testing,Lipschitz Bound
0.0002731868880800903,0.00907084159553051,0.9984323978424072,3.641810894012451
