MSE Testing,MAE Testing,Correlation Testing,Lipschitz Bound
0.00017776218010112643,0.007764987647533417,0.9989874362945557,12.007676124572754
