MSE Testing,MAE Testing,Correlation Testing,Lipschitz Bound
0.0004968195571564138,0.009468313306570053,0.9972355961799622,24.980606079101562
