MSE Testing,MAE Testing,Correlation Testing,Lipschitz Bound
0.0002831222373060882,0.00972796231508255,0.998390793800354,10.880556106567383
