MSE Testing,MAE Testing,Correlation Testing,Lipschitz Bound
0.00013531876902561635,0.007036812137812376,0.9992249608039856,8.886177062988281
