MSE Testing,MAE Testing,Correlation Testing,Lipschitz Bound
0.0002201526367571205,0.008583377115428448,0.9987336993217468,5.1677165031433105
