MSE Testing,MAE Testing,Correlation Testing,Lipschitz Bound
0.00023155547387432307,0.008985388092696667,0.9986574649810791,8.71347427368164
