MSE Testing,MAE Testing,Correlation Testing,Lipschitz Bound
0.0003213235759176314,0.010083291679620743,0.9982159733772278,3.248002529144287
