MSE Testing,MAE Testing,Correlation Testing,Lipschitz Bound
0.00030357923242263496,0.010317324660718441,0.9983288049697876,4.082133769989014
