MSE Testing,MAE Testing,Correlation Testing,Lipschitz Bound
0.0003966897784266621,0.008814046159386635,0.9977418780326843,16.575302124023438
