MSE Testing,MAE Testing,Correlation Testing,Lipschitz Bound
0.00019572021847125143,0.008047414012253284,0.9988981485366821,17.79781150817871
