MSE Testing,MAE Testing,Correlation Testing,Lipschitz Bound
0.0002607959904707968,0.009198615327477455,0.9984920024871826,4.86169958114624
