MSE Testing,MAE Testing,Correlation Testing,Lipschitz Bound
0.00030035877716727555,0.009737680666148663,0.9983018636703491,3.3732826709747314
