MSE Testing,MAE Testing,Correlation Testing,Lipschitz Bound
0.00032382766949012876,0.009628619998693466,0.9981464743614197,2.9327995777130127
