MSE Testing,MAE Testing,Correlation Testing,Lipschitz Bound
0.0002389764558756724,0.008439939469099045,0.9986230134963989,5.232355117797852
