MSE Testing,MAE Testing,Correlation Testing,Lipschitz Bound
0.00025972042931243777,0.009403939358890057,0.998504102230072,5.283844470977783
