MSE Testing,MAE Testing,Correlation Testing,Lipschitz Bound
0.00033628486562520266,0.008640068583190441,0.9981542229652405,21.39064598083496
