MSE Testing,MAE Testing,Correlation Testing,Lipschitz Bound
0.00024222597130574286,0.008897343650460243,0.9985964894294739,7.129885673522949
