MSE Testing,MAE Testing,Correlation Testing,Lipschitz Bound
0.0002610158990137279,0.009022846817970276,0.9984844923019409,5.035859107971191
