MSE Testing,MAE Testing,Correlation Testing,Lipschitz Bound
0.00030482528381980956,0.011118716560304165,0.9982842803001404,3.6513469219207764
