MSE Testing,MAE Testing,Correlation Testing,Lipschitz Bound
0.0002365456457482651,0.008648336865007877,0.9986351728439331,4.207548141479492
