MSE Testing,MAE Testing,Correlation Testing,Lipschitz Bound
0.0002636140852700919,0.00921255350112915,0.9984561204910278,5.990994453430176
