MSE Testing,MAE Testing,Correlation Testing,Lipschitz Bound
0.0003154973965138197,0.009539235383272171,0.9981857538223267,2.9904704093933105
