MSE Testing,MAE Testing,Correlation Testing,Lipschitz Bound
0.00024320202646777034,0.008908589370548725,0.9986171722412109,5.101206302642822
