MSE Testing,MAE Testing,Correlation Testing,Lipschitz Bound
0.0002595967671368271,0.009205983951687813,0.9985272288322449,5.11270809173584
