MSE Testing,MAE Testing,Correlation Testing,Lipschitz Bound
0.000212474973523058,0.008098796010017395,0.9987838864326477,9.979305267333984
