MSE Testing,MAE Testing,Correlation Testing,Lipschitz Bound
0.0003181400243192911,0.010045929811894894,0.9981803894042969,3.4702816009521484
