MSE Testing,MAE Testing,Correlation Testing,Lipschitz Bound
0.00024809950264170766,0.008573903702199459,0.9985822439193726,4.271817207336426
