MSE Testing,MAE Testing,Correlation Testing,Lipschitz Bound
0.000266049726633355,0.00871970783919096,0.9984493255615234,4.7320451736450195
