MSE Testing,MAE Testing,Correlation Testing,Lipschitz Bound
0.00031474384013563395,0.010019514709711075,0.9982223510742188,3.2711174488067627
