MSE Testing,MAE Testing,Correlation Testing,Lipschitz Bound
0.00017154484521597624,0.008057392202317715,0.9990840554237366,8.056537628173828
