MSE Testing,MAE Testing,Correlation Testing,Lipschitz Bound
0.00026914518093690276,0.00980504509061575,0.9985049366950989,4.434112548828125
