MSE Testing,MAE Testing,Correlation Testing,Lipschitz Bound
0.0002624009212013334,0.009454753249883652,0.9984810948371887,4.968998432159424
