MSE Testing,MAE Testing,Correlation Testing,Lipschitz Bound
0.00024807293084450066,0.009221960790455341,0.9985529184341431,5.413407325744629
