MSE Testing,MAE Testing,Correlation Testing,Lipschitz Bound
0.00033796002389863133,0.010143447667360306,0.998065710067749,3.0186378955841064
