MSE Testing,MAE Testing,Correlation Testing,Lipschitz Bound
0.00028486718656495214,0.009122411720454693,0.9983569383621216,4.01781702041626
