MSE Testing,MAE Testing,Correlation Testing,Lipschitz Bound
0.00028503622161224484,0.009223905391991138,0.9983929395675659,3.654682159423828
