MSE Testing,MAE Testing,Correlation Testing,Lipschitz Bound
0.00043307041050866246,0.013512428849935532,0.9980837106704712,2.8468942642211914
