MSE Testing,MAE Testing,Correlation Testing,Lipschitz Bound
0.000279304978903383,0.009580175392329693,0.9983689785003662,4.109378337860107
