MSE Testing,MAE Testing,Correlation Testing,Lipschitz Bound
0.00020994365331716835,0.008129185065627098,0.9987915754318237,6.3536882400512695
