MSE Testing,MAE Testing,Correlation Testing,Lipschitz Bound
0.0002785177784971893,0.007627428974956274,0.9984287023544312,35.012939453125
