MSE Testing,MAE Testing,Correlation Testing,Lipschitz Bound
0.00028331694193184376,0.009547233581542969,0.9983713626861572,4.453338146209717
