MSE Testing,MAE Testing,Correlation Testing,Lipschitz Bound
0.0003005061880685389,0.00953651499003172,0.9983197450637817,3.4882774353027344
