MSE Testing,MAE Testing,Correlation Testing,Lipschitz Bound
0.00031074657454155385,0.011444348841905594,0.9985625743865967,4.405416488647461
