MSE Testing,MAE Testing,Correlation Testing,Lipschitz Bound
0.000296448270091787,0.009294219315052032,0.998347818851471,3.2627763748168945
