MSE Testing,MAE Testing,Correlation Testing,Lipschitz Bound
0.000318825535941869,0.009857322089374065,0.9981483221054077,2.58935809135437
