MSE Testing,MAE Testing,Correlation Testing,Lipschitz Bound
0.00026705939671956003,0.009025342762470245,0.998464047908783,4.574704647064209
