MSE Testing,MAE Testing,Correlation Testing,Lipschitz Bound
0.0002728459658101201,0.009196653962135315,0.9984623193740845,3.305100679397583
