MSE Testing,MAE Testing,Correlation Testing,Lipschitz Bound
0.00029010005528107285,0.009467094205319881,0.9983259439468384,4.028511047363281
