MSE Testing,MAE Testing,Correlation Testing,Lipschitz Bound
0.0003033602552022785,0.013425378128886223,0.9986566305160522,14.959614753723145
