MSE Testing,MAE Testing,Correlation Testing,Lipschitz Bound
0.00028245471185073256,0.010412279516458511,0.9984792470932007,4.623368263244629
