MSE Testing,MAE Testing,Correlation Testing,Lipschitz Bound
0.0003110291145276278,0.009776975959539413,0.9982652068138123,3.3235630989074707
