MSE Testing,MAE Testing,Correlation Testing,Lipschitz Bound
0.00022238738893065602,0.008293535560369492,0.9987215995788574,5.637890815734863
