MSE Testing,MAE Testing,Correlation Testing,Lipschitz Bound
0.0002733167202677578,0.009816081263124943,0.9986679553985596,4.12747859954834
