MSE Testing,MAE Testing,Correlation Testing,Lipschitz Bound
0.0002920284168794751,0.009544624015688896,0.9983459711074829,3.3849294185638428
