MSE Testing,MAE Testing,Correlation Testing,Lipschitz Bound
0.00027277847402729094,0.009113886393606663,0.9984305500984192,3.7869694232940674
