MSE Testing,MAE Testing,Correlation Testing,Lipschitz Bound
0.0002499315014574677,0.008854148909449577,0.9985710382461548,5.1134033203125
