MSE Testing,MAE Testing,Correlation Testing,Lipschitz Bound
0.00023792978026904166,0.009072764776647091,0.9986557364463806,5.905820846557617
