MSE Testing,MAE Testing,Correlation Testing,Lipschitz Bound
0.00013073465379420668,0.006997051183134317,0.9992638826370239,10.410330772399902
