MSE Testing,MAE Testing,Correlation Testing,Lipschitz Bound
0.000315824116114527,0.009728019125759602,0.9982112646102905,3.1461708545684814
