MSE Testing,MAE Testing,Correlation Testing,Lipschitz Bound
0.00015319307567551732,0.007311256602406502,0.9991060495376587,9.646931648254395
