MSE Testing,MAE Testing,Correlation Testing,Lipschitz Bound
0.0003453300450928509,0.011064589023590088,0.9982156753540039,2.7207295894622803
