MSE Testing,MAE Testing,Correlation Testing,Lipschitz Bound
0.00030403686105273664,0.0099337762221694,0.9982602596282959,3.076446056365967
