MSE Testing,MAE Testing,Correlation Testing,Lipschitz Bound
0.00030605087522417307,0.009812681935727596,0.9982312917709351,3.1459810733795166
