MSE Testing,MAE Testing,Correlation Testing,Lipschitz Bound
0.0002581970184110105,0.009562253952026367,0.9985170960426331,8.201207160949707
