MSE Testing,MAE Testing,Correlation Testing,Lipschitz Bound
0.00017726740043144673,0.007368180435150862,0.9989933967590332,9.718324661254883
