MSE Testing,MAE Testing,Correlation Testing,Lipschitz Bound
0.00023246626369655132,0.009458765387535095,0.9987000226974487,6.844374656677246
