MSE Testing,MAE Testing,Correlation Testing,Lipschitz Bound
0.00028991690487600863,0.009706327691674232,0.9983225464820862,4.5047993659973145
