MSE Testing,MAE Testing,Correlation Testing,Lipschitz Bound
0.00028842693427577615,0.008961361832916737,0.9983245134353638,3.9023020267486572
