MSE Testing,MAE Testing,Correlation Testing,Lipschitz Bound
0.0002304665686096996,0.00837542861700058,0.9987034797668457,18.77187728881836
