MSE Testing,MAE Testing,Correlation Testing,Lipschitz Bound
0.00019630015594884753,0.008493442088365555,0.9988778829574585,9.431990623474121
