MSE Testing,MAE Testing,Correlation Testing,Lipschitz Bound
0.0002834972401615232,0.009364437311887741,0.9984346628189087,3.2113196849823
