MSE Testing,MAE Testing,Correlation Testing,Lipschitz Bound
0.00020304470672272146,0.007832435891032219,0.9988200068473816,5.617886543273926
