MSE Testing,MAE Testing,Correlation Testing,Lipschitz Bound
0.0003090345417149365,0.010078459046781063,0.9982325434684753,3.0221898555755615
