MSE Testing,MAE Testing,Correlation Testing,Lipschitz Bound
0.000265024253167212,0.010247531346976757,0.9985467791557312,7.4950947761535645
