MSE Testing,MAE Testing,Correlation Testing,Lipschitz Bound
0.0002890701871365309,0.009379365481436253,0.9983185529708862,4.306643009185791
