MSE Testing,MAE Testing,Correlation Testing,Lipschitz Bound
0.000255122606176883,0.008913530968129635,0.9985044598579407,3.733870029449463
