MSE Testing,MAE Testing,Correlation Testing,Lipschitz Bound
0.0003087821532972157,0.0103140315040946,0.9982438087463379,3.5339548587799072
