MSE Testing,MAE Testing,Correlation Testing,Lipschitz Bound
0.0003450605145189911,0.010945782996714115,0.9981434941291809,3.300151824951172
