MSE Testing,MAE Testing,Correlation Testing,Lipschitz Bound
0.0003113264683634043,0.006646437104791403,0.9981982111930847,33.4547119140625
