MSE Testing,MAE Testing,Correlation Testing,Lipschitz Bound
0.00031911968835629523,0.010566625744104385,0.9983305335044861,3.874922275543213
