MSE Testing,MAE Testing,Correlation Testing,Lipschitz Bound
0.0002959999837912619,0.01062291394919157,0.9983229637145996,3.134650230407715
