MSE Testing,MAE Testing,Correlation Testing,Lipschitz Bound
0.00023186880571302027,0.008388535119593143,0.9986566305160522,5.6447978019714355
