MSE Testing,MAE Testing,Correlation Testing,Lipschitz Bound
0.0002774480381049216,0.0097087686881423,0.998418927192688,3.7716495990753174
