MSE Testing,MAE Testing,Correlation Testing,Lipschitz Bound
0.0002674747374840081,0.00957848783582449,0.9984663128852844,5.0982513427734375
