MSE Testing,MAE Testing,Correlation Testing,Lipschitz Bound
0.00028231856413185596,0.009220821782946587,0.9983718395233154,3.55861759185791
