MSE Testing,MAE Testing,Correlation Testing,Lipschitz Bound
0.0005119788111187518,0.010010289028286934,0.9972140789031982,36.68107223510742
