MSE Testing,MAE Testing,Correlation Testing,Lipschitz Bound
0.0002905979345086962,0.009784726426005363,0.9983692169189453,3.809847116470337
