MSE Testing,MAE Testing,Correlation Testing,Lipschitz Bound
0.0002529928460717201,0.009448976255953312,0.9985409379005432,7.3711090087890625
