MSE Testing,MAE Testing,Correlation Testing,Lipschitz Bound
0.0003197564510628581,0.010313838720321655,0.9981645941734314,3.325638771057129
