MSE Testing,MAE Testing,Correlation Testing,Lipschitz Bound
0.00033271609572693706,0.0104657718911767,0.9981617331504822,3.903766632080078
