MSE Testing,MAE Testing,Correlation Testing,Lipschitz Bound
0.0002513709187041968,0.008642776869237423,0.9985693097114563,6.104980945587158
