MSE Testing,MAE Testing,Correlation Testing,Lipschitz Bound
0.00022845457715447992,0.009083384647965431,0.9986911416053772,11.455150604248047
