MSE Testing,MAE Testing,Correlation Testing,Lipschitz Bound
0.000353822426404804,0.011939872987568378,0.9984573721885681,3.2859432697296143
