MSE Testing,MAE Testing,Correlation Testing,Lipschitz Bound
0.00027753744507208467,0.009493713267147541,0.9984039068222046,3.7157881259918213
