MSE Testing,MAE Testing,Correlation Testing,Lipschitz Bound
0.0002485477307345718,0.008768472820520401,0.9985565543174744,6.1706461906433105
