MSE Testing,MAE Testing,Correlation Testing,Lipschitz Bound
0.00017151980136986822,0.007469348609447479,0.9990199208259583,13.017900466918945
