MSE Testing,MAE Testing,Correlation Testing,Lipschitz Bound
0.0002936882374342531,0.009802212007343769,0.9983381628990173,4.016379356384277
