MSE Testing,MAE Testing,Correlation Testing,Lipschitz Bound
0.00028108511469326913,0.009187781251966953,0.9983476400375366,4.857848644256592
