MSE Testing,MAE Testing,Correlation Testing,Lipschitz Bound
0.0003253940667491406,0.010124074295163155,0.9981136918067932,3.3292665481567383
