MSE Testing,MAE Testing,Correlation Testing,Lipschitz Bound
0.00020653016690630466,0.007883090525865555,0.9988196492195129,16.270721435546875
