MSE Testing,MAE Testing,Correlation Testing,Lipschitz Bound
0.00026409284328110516,0.008863161318004131,0.9985009431838989,3.9306068420410156
