MSE Testing,MAE Testing,Correlation Testing,Lipschitz Bound
0.00020063653937540948,0.008080366998910904,0.9988420009613037,6.73021125793457
