MSE Testing,MAE Testing,Correlation Testing,Lipschitz Bound
0.0003182484651915729,0.00977668073028326,0.9981752634048462,2.9112672805786133
