MSE Testing,MAE Testing,Correlation Testing,Lipschitz Bound
0.00018294066831003875,0.0073608653619885445,0.998943567276001,7.9199419021606445
