MSE Testing,MAE Testing,Correlation Testing,Lipschitz Bound
0.0002595231344457716,0.009422826580703259,0.998606264591217,4.9451704025268555
