MSE Testing,MAE Testing,Correlation Testing,Lipschitz Bound
0.0002190995728597045,0.008389327675104141,0.9987541437149048,12.926738739013672
