MSE Testing,MAE Testing,Correlation Testing,Lipschitz Bound
0.00023472454631701112,0.008594935759902,0.9986587762832642,3.8998653888702393
