MSE Testing,MAE Testing,Correlation Testing,Lipschitz Bound
0.00028836081037297845,0.009512628428637981,0.9983323216438293,3.190634250640869
