MSE Testing,MAE Testing,Correlation Testing,Lipschitz Bound
0.00017530012701172382,0.007236049510538578,0.9990085363388062,18.313459396362305
