MSE Testing,MAE Testing,Correlation Testing,Lipschitz Bound
0.0002950640919152647,0.009531842544674873,0.9983002543449402,3.2734594345092773
