MSE Testing,MAE Testing,Correlation Testing,Lipschitz Bound
0.00019800741574727,0.007345020771026611,0.9988624453544617,13.690908432006836
