MSE Testing,MAE Testing,Correlation Testing,Lipschitz Bound
0.0002573825477156788,0.00921158492565155,0.9985482096672058,3.9030394554138184
