MSE Testing,MAE Testing,Correlation Testing,Lipschitz Bound
0.00024645382654853165,0.00968451052904129,0.9987642168998718,4.544625759124756
