MSE Testing,MAE Testing,Correlation Testing,Lipschitz Bound
0.00031322590075433254,0.010159912519156933,0.9982094168663025,2.795413017272949
