MSE Testing,MAE Testing,Correlation Testing,Lipschitz Bound
0.00042913423385471106,0.017932774499058723,0.998390257358551,4.991048336029053
