MSE Testing,MAE Testing,Correlation Testing,Lipschitz Bound
0.00029140981496311724,0.009333062916994095,0.9982873797416687,4.211243629455566
