MSE Testing,MAE Testing,Correlation Testing,Lipschitz Bound
0.001276023918762803,0.0166549663990736,0.9933416247367859,38.514747619628906
