MSE Testing,MAE Testing,Correlation Testing,Lipschitz Bound
0.0002787900739349425,0.00885006319731474,0.998376190662384,4.250098705291748
