MSE Testing,MAE Testing,Correlation Testing,Lipschitz Bound
0.0002659109595697373,0.00906942505389452,0.9984794855117798,4.197050094604492
