MSE Testing,MAE Testing,Correlation Testing,Lipschitz Bound
0.0002037116209976375,0.008051244542002678,0.9988186955451965,24.805509567260742
