MSE Testing,MAE Testing,Correlation Testing,Lipschitz Bound
0.0002507852914277464,0.00893737655133009,0.998541533946991,8.41977310180664
