MSE Testing,MAE Testing,Correlation Testing,Lipschitz Bound
0.00020518571545835584,0.008007758297026157,0.9988080263137817,5.283079624176025
