MSE Testing,MAE Testing,Correlation Testing,Lipschitz Bound
0.0002695766161195934,0.010038843378424644,0.9986194372177124,5.186769485473633
