MSE Testing,MAE Testing,Correlation Testing,Lipschitz Bound
0.00017795522580854595,0.007696236949414015,0.9989723563194275,13.744529724121094
