MSE Testing,MAE Testing,Correlation Testing,Lipschitz Bound
0.00034008899820037186,0.010102352127432823,0.9980633854866028,2.9571175575256348
