MSE Testing,MAE Testing,Correlation Testing,Lipschitz Bound
0.00030565765337087214,0.009701056405901909,0.9982171058654785,3.8431272506713867
