MSE Testing,MAE Testing,Correlation Testing,Lipschitz Bound
0.00019044960208702832,0.008027744479477406,0.9988855719566345,11.261232376098633
