MSE Testing,MAE Testing,Correlation Testing,Lipschitz Bound
0.00029753390117548406,0.010041270405054092,0.9983014464378357,3.739331007003784
