MSE Testing,MAE Testing,Correlation Testing,Lipschitz Bound
0.0001769457448972389,0.006861372385174036,0.9990051984786987,21.878767013549805
