MSE Testing,MAE Testing,Correlation Testing,Lipschitz Bound
0.0002429055020911619,0.009491718374192715,0.9986265301704407,8.95928955078125
