MSE Testing,MAE Testing,Correlation Testing,Lipschitz Bound
0.0003321691183373332,0.01030714437365532,0.9981042742729187,3.2590270042419434
