MSE Testing,MAE Testing,Correlation Testing,Lipschitz Bound
0.0002276864106534049,0.00847616232931614,0.9987509846687317,22.91135025024414
