MSE Testing,MAE Testing,Correlation Testing,Lipschitz Bound
0.00027204002253711224,0.009226410649716854,0.9984259009361267,3.771636724472046
