MSE Testing,MAE Testing,Correlation Testing,Lipschitz Bound
0.0003077684377785772,0.009562408551573753,0.998253583908081,3.7370400428771973
