MSE Testing,MAE Testing,Correlation Testing,Lipschitz Bound
0.00028812087839469314,0.009468498639762402,0.9983428716659546,3.5119924545288086
