MSE Testing,MAE Testing,Correlation Testing,Lipschitz Bound
0.00023512663028668612,0.00871645100414753,0.998660147190094,5.3467841148376465
